GST_Number,Product_Quality_Score,Delivery_Timeliness,Fulfillment_Rate,Return_Rate,Dispute_Count,Cost_Effectiveness,Communication_Latency,Compliance_Score,Sustainability_Score,Yearly_Performance_Trend,Retain_Manufacturer,Retain_Manufacturer_Noisy
05DFSEE4613E1Z1,68.72700594236812,64.12495475343731,91.21715902940196,15.165263918580452,1,50.45192345396461,3.734328280340886,93.87779161430508,50.81010429969285,-3.292567875650752,0,0.024835707650561634
33QTXKU6195S1Z2,97.5357153204958,96.10211626718268,74.57617128742784,0.4917383291760302,1,67.85146719850061,3.795804720762706,75.2536942039106,46.09956277742684,-6.458354892054203,0,0.0
21EBZNZ6857G1Z3,86.59969709057026,80.21009489791429,87.2886508050044,0.4424710305799451,0,96.30970342158908,2.8172000746096675,90.182938432374,58.79127804463619,-8.031516217972625,0,0.032384426905034625
26TXCVD6236F1Z4,79.93292420985183,93.05829864430967,88.20145139148568,6.4722043829908245,1,61.43383898018044,1.2261326047492267,76.6151279030694,46.83721096261041,9.134408677786997,0,0.07615149282040128
14IQVJS5755K1Z5,57.80093202212183,72.80198404122447,82.72392013907158,9.772863808093316,2,81.71818444358436,0.8759945187981039,76.54622603656517,77.06686903041926,1.9871945008433125,0,0.0
06KXFDE9850U1Z6,57.79972601681013,95.82092913984802,92.09332706874169,15.408148356155865,3,61.103793534666025,0.5860803489677915,96.22215319915556,87.82452791837999,4.573125684732053,0,0.0
14QEGCW8689D1Z7,52.90418060840997,75.56806714936653,98.03101044307044,13.665907532130104,4,66.08349948297743,1.2458667963434933,77.4900685822069,77.11644916378519,-3.6927251346776497,0,0.07896064077536957
15EOLBD5494A1Z8,93.30880728874676,60.433506059211936,97.76705538720329,8.918054127534967,2,92.4021044800742,4.50884990742416,77.89742039554034,87.70453130745446,-2.137057410119696,0,0.03837173645764544
33YMBRW8018N1Z9,80.05575058716045,96.21527905677056,83.52518114212396,5.472533325633318,2,86.44307211349735,1.586915787657568,70.01960172283898,57.78945135452319,-5.26152012206553,0,0.0
10JUFRJ1337K1Z1,85.40362888980228,63.65146707144534,73.39714137522266,19.942490003154223,2,54.76996386566053,2.0942209724774705,96.12007102376552,40.94218794962026,-8.060686580691506,0,0.027128002179298234
20YILDG9195T1Z2,51.029224714790125,72.7725455036166,99.54523596887005,8.523626044719459,0,71.43510104932167,0.9740546801659992,93.77784439627403,81.65656631783145,-6.419367251168325,0,0.0
08RIMQY6192D1Z3,98.49549260809972,98.0024786820322,95.16694259337802,9.02774048659351,2,51.45848818226322,1.5006258713667662,88.81986805272034,55.23321535990877,5.950280905929716,0,0.0
27QVFTZ8416J1Z4,91.62213204002109,98.02428587750224,73.739880436098,3.272476423833384,3,74.04450733015045,2.836510568510923,92.50797291816528,76.98895776603928,3.550916103675517,0,0.012098113578301706
23OKUDP0737D1Z5,60.61695553391381,82.93751552493144,97.62525647852117,15.896190974998587,1,83.1217005850534,3.2348870739304365,74.56145702273476,48.9450759387236,0.938577519709538,0,0.0
25YPTLH6716D1Z6,59.09124836035503,85.27348848679196,96.09689086186384,13.873644515629772,6,55.92513117990758,1.6040854137479497,83.74970783762726,35.68607443646709,-0.4982025426646395,0,0.0
24MQRCD9175C1Z7,59.17022549267169,77.93782087913279,85.56514171378217,4.415392255775208,1,64.44424694545829,0.7597947165130274,80.53658162046342,99.48072568414344,8.44868567312249,0,0.0
31UXTDY9358O1Z8,65.21211214797688,71.72843086792258,87.73826307234788,1.647620912316854,3,69.89183127510785,2.259647911073294,72.8132957877105,40.93410555514195,-8.545301044426632,0,0.0
21PJTIW4050E1Z9,76.2378215816119,73.14658181479663,81.97008111610391,13.60998604149426,1,95.97655123280248,1.5539151691685036,84.58391455644772,99.18946957744367,-4.387983735241681,0,0.015712366629763694
10JAZID5443Q1Z1,71.5972509321058,86.90073824308153,71.64284916466094,13.090224285622703,1,99.6627507711482,1.487992654534109,97.62218951027906,98.40959527965131,-3.001242928585719,0,0.0
36FLNEJ9928N1Z2,64.5614570099021,90.0949811775072,80.05591724937703,5.465190539964187,3,52.24556494978079,4.819382612210549,71.20177357152083,85.56726727356278,5.648516244255756,0,0.0
35FXZGF1128M1Z3,80.59264473611897,91.66316174903396,94.08560345794037,19.017271245008207,3,88.0503961747696,3.2733521866657584,78.74382740481381,76.15960734573983,9.850292403239424,0,0.07328243844607771
29JPZIN9113C1Z4,56.97469303260209,91.58472571178216,70.13896069013809,3.0211578356180047,3,68.58620332011716,3.0059529942744314,76.2262280861711,70.44649351757593,-5.186589704856939,0,0.0
13OMAFP1033C1Z5,64.6072324267609,63.64824412194761,80.00497515073432,8.646696020852039,1,69.622909311474,2.3709879658549484,77.14439960997089,90.62710817644844,7.486146682741612,0,0.003376410234396192
14KDHQT3585I1Z6,68.31809216468459,79.77681218810326,81.9450608077283,18.872318403351976,6,87.71324866735114,2.430249500435649,97.25303655638126,50.26076651336416,6.612455208635826,0,0.0
12NDQJJ2060F1Z7,72.8034992108518,62.30235040066577,86.12186808813769,8.394546338522446,0,95.92132160727044,2.9340725172713635,84.0420716270287,62.73768487394139,-5.506852047164667,0,0.0
34RIPAW6978W1Z8,89.25879806965068,81.98115529294942,97.5956684923828,12.77051895328171,1,97.5464297251274,3.633934131662482,83.98898238819456,73.35729785565513,-2.013348396015548,0,0.005546129485493305
26UULOP8444M1Z9,59.98368910791799,77.66122005493509,80.39037983097884,7.951887959255885,4,78.85612930191604,3.659657432818233,92.81726927365848,58.78333331086438,-1.8065426141496168,0,0.0
31PUBEL0596E1Z1,75.71172192068059,95.508167310332,80.40859605688684,5.484304046973401,0,67.85605796502514,1.2726225846745232,74.63476612014777,59.92405178631876,9.564413370531168,0,0.0187849009172836
16HBRIJ0984Q1Z2,79.62072844310212,74.03660050208315,92.12503744329246,19.679552959196563,5,89.37745429293896,2.7505073843448216,84.61796062300152,53.11992672514591,-6.3821619724220335,0,0.0
31NTRVK5375I1Z3,52.32252063599989,64.68268065710423,83.56653822669422,8.18668012630086,2,62.55006916311501,2.3538114276534587,82.8995564236318,69.49622716791752,5.983159422095641,0,0.0
09QBMAL5544K1Z4,80.37724259507192,65.71966728211343,76.73814468819945,17.88198407358269,1,78.20370144167589,4.417371348212229,87.90732071639968,89.54021696105812,-3.316145716537802,0,0.0
09GCNOC6737J1Z5,58.526206184364575,90.46042526869888,83.57318548398081,4.599092117821724,0,67.92892307624366,3.3413851454826937,99.98673109751316,44.1069864604419,4.617406915523208,0,0.09261390922544689
32VKMAJ2829T1Z6,53.25257964926398,84.72872253265044,74.22571061139399,4.262094080501666,0,82.8315536853938,2.896268298871918,93.08346682246142,95.4103127127409,-1.599779914086742,0,0.0
15FBWQE6744T1Z7,97.44427686266668,64.04490704491161,75.2916095951867,0.6226816576902272,4,62.01994564467535,1.0192758898051282,81.93597109052281,78.23613576237608,1.5671952623308003,0,0.0
16AEMUK7843Z1Z8,98.28160165372796,63.364272244599896,84.95103318218439,13.0333365075177,2,59.57964728674129,3.225370501955352,94.8265915682214,87.6291248876021,6.652235466522622,0,0.04112724560515946
19EXAIL4110J1Z9,90.41986740582306,88.0387652583648,82.56776348513644,7.370526874475223,2,95.91195433377186,1.0274175755610504,75.1212508993744,68.9333484841008,6.083311299677682,0,0.0
29WZJFI6667Z1Z1,65.23068845866854,62.91052025456774,97.445377032043,17.28716499679274,1,55.09018414747685,2.017429590045884,70.91391058926881,84.56616909968444,7.328463670794004,0,0.010443179750237772
17JATWI5784L1Z2,54.8836057003192,92.87440237161424,80.871816973499,9.464198133831143,0,75.29789538674657,1.1427888416644931,76.1334511739282,31.134027813762703,-8.80765349310682,0,0.0
33ZQKCU5640R1Z3,84.21165132560785,88.24968908625985,87.4176505083413,19.363868558294435,2,61.04263914815044,3.61433141160966,80.2123466834278,87.28662973456747,3.841011060794896,0,0.0
12IMOLN8669G1Z4,72.00762468698007,63.25395122567599,88.96792863758591,3.710510314062423,1,51.94649816628337,1.4281345122626867,85.31742272378679,32.80972013597565,-7.200252465564743,0,0.009843061793456176
16MDJAY6355L1Z5,56.10191174223894,63.39350856340768,70.39283369765,17.372463359112217,3,51.80094091457132,2.263367179346117,88.45387421623599,92.29393634540035,-1.683628639631781,0,0.03692332899977052
27YNWPH8067M1Z6,74.75884550556351,99.46558314004702,89.90612116050131,15.531937055834836,0,58.76108860529136,4.530536499284504,97.31817151643266,99.43739230670504,0.9717683010937694,0,0.008568414059498526
14JHUUG5383J1Z7,51.71942605576092,74.9708318302448,75.34107900609254,15.41843689288104,1,93.33851772530002,1.4194237252953663,85.29562028651372,50.58472235237445,-1.945210305063385,0,0.0
22DOIAV1835E1Z8,95.4660201039391,74.82568588267563,98.83210952408363,16.895664562337753,1,64.12393719885134,2.785122787814506,85.03826933877188,44.72229894000556,0.3922335160601502,0,0.0
26LWLMU1111P1Z9,62.93899908000085,92.5119826903001,74.4598818325934,15.220479818859978,4,97.5229585287648,2.3867224752470992,71.50729029468947,83.57543547006284,9.930526175972382,0,0.0
32QDBRJ6653W1Z1,83.1261142176991,97.88994309535434,82.43872371181071,12.524406432628307,3,79.08111464945968,0.5815581847057838,71.04734657968672,47.71184386441773,-7.2956537257429055,0,0.0
16NRZYZ4721U1Z2,65.58555380447055,99.44004255291485,72.56049004235932,2.6248975536477515,2,71.8307094884383,4.067411511077657,86.53479885749115,90.58936682205425,3.509120906728512,0,0.0
08CWLQN0048P1Z3,76.00340105889055,90.13512741035768,99.90622755537842,0.6505235898250383,2,79.00444173347273,0.8107065784156988,83.14535839745034,37.19898145102337,-2.079980672287696,0,0.05285611131094579
33UGRQI9174D1Z4,77.33551396716399,75.05038342123663,85.06585030993728,18.416956956313737,2,75.83491926131339,2.634147594396292,95.17541184940896,38.81686374655508,-7.339804021853425,0,0.01718091447842307
24EQZJN9350C1Z5,59.24272277627635,63.340028667946754,87.86155051960131,12.333006290414762,2,87.93881268786626,3.0230523272252747,74.82038754135536,98.5406088570431,-6.825264732513809,0,0.0
06WZIHO8158E1Z6,98.47923138822792,91.08587663709748,72.01229432165283,15.930745819523526,2,64.12480329864262,3.327919054765642,70.74914986351149,77.16872287890033,8.985462124912338,0,0.01620419846973975
23CXKUQ5735Z1Z7,88.75664116805572,82.3361699894322,92.49881411197534,9.630447030251002,1,67.65251958001512,3.5988423318854403,83.47116303790378,89.2821057100267,7.592029934235242,0,0.0
08VACBX7554Q1Z8,96.97494707820944,76.96888036987906,76.29716779286757,2.346163779247889,0,94.70471512666252,1.6397257258522178,77.12435670256772,52.703056414606266,8.140839208300438,0,0.0
16GANYW4080M1Z9,94.74136752138244,96.25417540378945,96.9416286832214,2.5037158440510088,4,97.32282565752028,0.5449044949630222,71.48843120016512,77.35386246644231,9.83065551654773,0,0.030583814442043396
19FMDBV6745H1Z1,79.89499894055426,64.44789929224605,76.15418921446022,13.711305744579429,0,94.62791137432372,3.755496480597104,91.73794860542888,71.5969279116018,-5.833692199829641,0,0.05154997612479755
06HDFDJ4164M1Z2,96.09371175115584,79.70500417163436,75.72063161991,8.606117897989254,3,70.97239969786568,2.910454697064104,73.34778999871742,72.22050840860629,-2.891213252718765,0,0.04656400595580993
02BCWUF8035E1Z3,54.424625102595975,60.45414579069677,71.09649003544284,4.010494534006734,1,89.01827515034408,4.26252966443262,88.24958500023315,77.77727216764052,3.3843805984973336,0,0.0
07HYQTP2265S1Z4,59.79914312095726,78.74642567976505,84.16200835329998,9.831890934828738,2,73.81678666505493,4.196247633053124,78.43149250500667,70.2751421190369,-0.3239492027870554,0,0.0
12PVQVE5683U1Z5,52.2613644455269,62.25213102727349,86.94523399787849,1.2841787415026815,2,74.87699260730511,4.294967755045475,75.20488151065067,60.03436585118662,-1.6322093324333302,0,0.016563171570178198
13OAGOK3894X1Z6,66.26651653816322,64.75271665072287,71.97125918285057,11.639428038287976,5,60.2340054528642,2.682925969907931,81.39254568757953,49.31458860663828,-2.8437750132881394,0,0.04877725635611796
06MKVHF9411V1Z7,69.4338644844741,64.7010498710842,93.26582850085032,5.379868088701953,1,79.55651516292582,2.0013277812658954,94.0433732866886,83.80069316392414,1.8756126388690435,0,0.0
31XHDGH3344I1Z8,63.5674515886948,85.96841208464255,83.59866504244083,15.951182012743764,1,59.306794887667394,4.062011911661164,81.76280730713718,45.83907010022303,1.5118685728016406,0,0.0
25KMYBT9733C1Z9,91.43687545759649,89.84179517061693,85.7317080798274,6.207239178471475,5,66.5782349533597,2.530823508631648,92.52308947633168,78.46480143080899,-6.770843318715198,0,0.0
23JAGPX4701B1Z1,67.83766633467947,83.33475060388639,83.22288240814684,9.104402981636024,1,92.75151008099677,1.3254898838154552,73.76458890397453,46.33329758545287,-0.5652032496312192,0,0.0
31FPGPV6893B1Z2,64.04672548436903,98.48690193898167,82.02289182625978,0.2324107981620127,1,60.35379046054276,4.347383088026635,93.18314258995238,73.77311189681177,1.0694355241969973,0,0.040626291119709904
21FGHGP6844M1Z3,77.13480415791243,74.99482318094816,86.78920993924653,1.4489377558911776,3,53.55791425867165,4.471519445475563,77.10799974719946,82.29547869903203,1.4057387746278105,0,0.06781200142854114
01NIYVC9306Q1Z4,57.04621124873813,71.42848345127443,74.65720737792138,7.849871128133696,0,53.45037963064082,2.5983939026307654,90.32179389666618,45.30997222345775,-5.797856141752964,0,0.0
10WZCTR7639L1Z5,90.109849037702,94.7439651275784,75.45784391485813,9.59877669434247,1,97.0392260251554,0.8406487728940436,86.9734466452299,34.19603106029158,4.845427845045736,0,0.05017664489460121
37AVVDR3224R1Z6,53.727532183988544,68.9438335407781,95.85356863040552,12.000410962386074,0,75.34602189809173,2.2452174046261906,97.87434151635064,39.16816200959219,-9.496018103578606,0,0.018081801252381707
31VCAVB9144Y1Z7,99.34434683002588,98.52890157762444,98.38346386400896,5.833251574186065,0,70.47060359085091,4.115919467581716,81.61967553925942,72.41978770897178,-2.903362889136747,0,0.0
13KEXGC0389W1Z8,88.61223846483287,60.48617898759265,81.19927948839259,13.899637722530851,3,90.54392905039592,4.557983128458029,71.98495566503321,89.46124843580148,5.604252970712672,0,0.018069780275420697
20NOPSC8109P1Z9,59.93578407670862,98.79515306830557,78.12234019430662,17.20244794378409,3,91.7912963955258,1.415627341239181,70.57466456653759,33.14977748647971,1.2778584211080464,0,0.07690182832329846
18PFPRX0790T1Z1,50.27610585618012,61.72639647802305,89.31998629717047,15.597019777866995,1,66.60955165578022,0.8013812541137219,94.8057568291826,81.39058813291524,-4.776751349782796,0,0.0
37UGINB4626R1Z2,90.77307142274172,95.64572454792284,82.2620251329429,0.7923765069671429,2,84.68090287368976,4.4480770390977735,85.74206912984296,53.89230521650365,3.899062386860954,0,0.07823218279070032
10RYECX6376E1Z3,85.34286719238085,81.108044363452,70.76159066981035,9.610138945156578,0,88.55614079259433,2.252322225404938,93.25732155504848,63.496985894366574,1.3478188831214677,0,0.0
13AHZSD1682T1Z4,86.45035840204937,99.71859184477202,74.68457792098572,2.0986035683634974,0,82.73253434329773,2.937924339204035,77.03276800034544,95.0201684891896,5.924872189127743,0,0.04109512521876119
01AESQE2849U1Z5,88.56351733429729,62.95186258941595,91.47916686542192,4.840900317250549,4,57.57975374000497,4.856296154228415,80.35251236539702,53.23800533150919,4.700503723796468,0,0.004352353411908562
37MIVRW6246E1Z6,53.70223258670452,82.15417137605283,89.76771825730454,19.73325186534293,1,93.79415417585284,0.7995412756140028,70.90311616633957,62.573585375764026,2.202158440724693,0,0.0
36QNINN6642N1Z7,67.92328642721363,98.77210142476396,70.8128797751045,2.849910858030265,4,76.95472763680044,3.41743103353443,98.84476973722336,30.95776903324768,-0.2364464937837205,0,0.004588038826775115
02AZGRS4603N1Z8,55.79345297625649,80.92391376680595,76.65916485798849,9.97776306902712,4,64.12362131850018,0.8334744015869018,90.0360372010244,35.71191040033869,-7.336357486649532,0,0.0
37ZWUMI6016U1Z9,93.15517129377967,85.1759455254105,76.93224389764214,12.363114686362382,4,71.2614092718847,2.189610178099252,97.9961526327792,48.10141137943488,-4.773339642292324,0,0.0
02WIFSZ0555T1Z1,81.1649063413779,87.82994755938469,90.15678230796183,14.049299410882078,2,51.87855451994537,4.117165453370511,77.96489222287217,31.94965685747521,-1.618010541658295,0,0.017855628575587323
26JQBUR3782M1Z2,66.54490124263246,78.18164259071094,70.59131613263092,11.192973669738285,2,56.39334006112088,2.450625047400355,88.34390833676983,74.19627282337757,1.9859857401277736,0,0.07389470223707581
12PUCQZ1619P1Z3,53.17791751430119,85.10232320336254,73.12325745953721,0.1954169483836731,3,88.27733752579304,4.987320592563277,90.35499904877912,59.847884976113576,0.2741571043060968,0,0.0
15ISCMP0907N1Z4,65.54911608578311,83.372572476924,93.99748256119568,6.529226164879837,2,50.00058173776831,3.0157667822597096,79.52649100772766,68.37016419096153,-4.23630948080941,0,0.0
29IJIII7486Z1Z5,66.25916610133736,96.04632041963956,75.35633986163,10.354232867694227,5,70.82829142411461,1.9452296868617909,95.44327705046892,42.22530301274307,-9.870712844205787,0,0.0
28EDAMC8028X1Z6,86.4803089169032,61.81785521365831,89.58238323555624,1.757329982896667,5,76.12550905427942,1.490500966571389,98.41484388700744,50.71524206056313,-0.0752155619837218,0,0.04577010588510371
05VJSEY0152N1Z7,81.87787356776066,71.2385275836892,77.1454834314018,7.012538624183615,1,52.731721000048616,2.0773424042877284,96.54565353088012,76.46771323969077,-4.287480228755138,0,0.016437555482984225
14ZJETX8907B1Z8,94.36063712881634,98.01645936306237,72.98324178278035,0.6640621758273313,2,98.65390814861664,2.176399731917978,92.17200927818118,97.571190654128,4.692166014210702,0,0.0
28JWQED2346Q1Z9,73.61074625809746,95.61055135563666,77.29516572998362,1.5715699431004149,1,61.3062665624836,0.8092115497578244,78.32394039174862,33.529174152154646,-9.52107469459033,0,0.025663371655667806
06EQSNK0153Y1Z1,55.97971229691508,78.22627011142852,91.66800795566978,7.938465524031921,2,65.20993598181404,2.163083897420479,78.44848126316896,92.32690245986862,1.696556226115817,0,0.004853877467402019
15BPKWX0773Q1Z2,85.66223936114974,84.80530391206148,95.67089404318855,2.654315080861207,4,65.19712561275136,2.589073338826512,98.90080961338114,70.38168409178459,8.82948475012131,0,0.04843224952664446
22QQAKB8971V1Z3,88.03925243084487,71.0952473192453,94.90659593700974,11.350816965231164,2,61.520833105867496,3.752319885074621,70.30853487807076,69.47436967289366,-6.51181465777001,0,0.0
28BTSUX9079W1Z4,78.06385987847482,67.52484638895045,81.91550588855364,13.789299382745314,4,50.07369110431557,3.455282681247236,91.48149919726433,65.01949746454322,-0.5670101849880922,0,0.0
29KPPUB7312Z1Z5,88.54835899772806,78.54793619759928,90.04255409711939,16.011733982181656,1,86.46723970439982,3.689445448531194,91.18738487665786,34.85758601329284,-8.171560163657237,0,0.0
25WKUSO8451A1Z6,74.68977981821953,74.13408912104211,76.14952886247463,4.003004884896201,3,98.34227498996428,0.5376365684458569,88.68068622849393,36.29137962153125,2.513638245227053,0,0.0
33HVRLA5334M1Z7,76.1366414690997,83.34624447403488,78.7944319078304,3.349651645181395,2,61.21467416425225,1.4795032981124123,99.70326538260598,72.06384039613603,1.0106336119245114,0,0.014806013853228803
28GTEMJ9532C1Z8,71.37705091792748,63.10938547859939,96.8900745556336,2.091356806688005,3,83.15235959017113,3.477579297799354,79.35638307291175,53.86710000048908,-1.8526895157433536,0,0.013052763608994468
16JKOHQ1139K1Z9,51.27095633720476,98.97579230664668,70.39005770532208,12.728604990872734,3,87.09481634793576,2.6779521568088622,80.19915591379744,94.20876466043764,0.4275404294748242,0,0.0002556728321230445
09EELHY6323V1Z1,55.39457134966522,99.44842977918412,72.56525592563405,14.129514529738024,1,92.42126895452624,0.5239106405075568,72.36818208839667,58.46133761516306,7.931493169380204,0,0.0
09TOFJH3412W1Z2,51.57145928433671,87.9264685607898,76.23658765438083,0.6317228965128407,3,71.13145985068046,4.120225890943201,83.28394409631213,40.02970210918488,-6.074113953778659,0,0.0
28AXHBU8628W1Z3,81.82052056318902,81.44385465376482,70.79596611621459,18.7242449248738,1,65.14654528202146,3.9776430798065183,77.83145578704544,80.03031834514252,-9.548709765893054,0,0.0
35RDGWS4319H1Z4,65.71779905381634,72.38110465145311,75.44306305269392,1.0394256730294482,3,66.26475670115155,2.967886233471032,80.30160106532932,50.534739500870685,7.233297693982021,0,0.0
01JTYXJ0155V1Z5,75.42853455823514,92.55180078827794,87.49124682909077,10.82592670602141,4,85.63106665492563,0.7990849659932245,95.03715370766884,66.78292151491252,1.5423416477581302,0,0.0
14OXREU9445S1Z6,95.37832369630463,87.38924690215518,82.64273651777494,14.181210389018329,2,90.8389733252818,3.949317722896631,98.06453540582488,78.8482949853619,7.813169109236849,0,0.0
10QDIKC0573A1Z7,62.46461145744375,66.50467757379565,96.78015133230925,17.41938247492171,3,59.08069838783013,3.126711144791137,75.57199216015557,93.01848778414492,1.938904468263452,0,0.020202542840726923
09YRYFJ0633J1Z8,70.51914615178148,96.4370873797537,94.52330685215324,14.281738642648556,3,68.54705040788826,4.018819897210816,81.17526794660398,85.45338363611734,6.203221799194051,0,0.09430929506052652
03OUZGI7820R1Z9,87.77755692715243,92.90148971692676,80.25452055093628,16.034561661395838,3,95.0970098374575,3.882861465781282,97.8589168634618,77.34527475109068,-1.4065327328970412,0,0.008728890641591948
28SKITQ1594W1Z1,61.43990827458112,97.99199653167696,77.78270300293877,6.789003850856121,3,90.33467598473696,4.113509323810267,71.85425382067667,77.57432276766005,4.997198625765375,0,0.01287751953613822
09KTOFS6371J1Z2,53.84899549143965,89.0287803355344,81.39077224501801,16.296502274930244,1,99.2429201381238,2.831036298820812,72.77081584334135,96.21472508224606,8.26082933779712,0,0.0
10HLGWK6506A1Z3,64.4875726456884,84.5366078374316,87.70884827544424,1.6022969276935028,0,87.71241298410403,1.1314603318708174,74.88372967618687,50.70768682475752,1.4424592744441256,0,0.0
16FLXKJ9674M1Z4,58.06106436270022,76.72972145162475,78.0419092246863,17.896333121210553,4,69.65976005139612,3.520208630208599,87.85638502380624,30.07784659373312,-6.384296988752409,0,0.0
07HEWSD6658Y1Z5,96.48488261712863,97.30913933416052,88.72446723547402,10.951847523074726,1,79.53189169973189,3.292132032733868,74.51416813017993,49.03681915787391,-4.624047699396037,0,0.003011510497051322
16PJUHI6971I1Z6,90.40601897822086,94.64255558001634,82.2823495657372,16.345955399249874,2,83.05071271236602,3.840139342395892,99.042291443522,45.25239657387208,-6.027108462051885,0,0.12316210562426431
19DRELK0876S1Z7,81.67018782552117,61.808746804247576,86.5614154255594,9.046365690366002,1,53.9227908158562,1.2644645272283088,83.40143581775561,76.32842095797987,-5.062859448085342,0,0.0
25BUGKH7471R1Z8,93.57302950938588,61.05467897989008,83.0837958740595,12.8715539039305,5,77.22484795519325,1.3773883995513014,85.045538810505,74.35981198358704,-3.871691012979273,0,0.015077367116680625
21KBALC4283N1Z9,90.18360384495573,75.05853467512199,78.83397278625753,10.528053218722263,1,85.46604142363049,4.506842827486978,77.3997584741622,71.54229678933066,1.1026757350637697,0,0.0
09OSHMG6981L1Z1,59.32850294430179,92.4221332312733,98.4535992088647,14.631790435106636,2,58.366065200053015,3.874900093034319,84.12880757304201,31.13704102466176,1.759832589276655,0,0.0
28EPTZQ8436I1Z2,94.62794992449888,99.49104517259778,92.90817382479284,1.6325996406117915,2,89.03158587127785,4.587028199151453,89.85740897911035,81.01446381154533,-1.470005055162778,0,0.05714114072575103
18WZZZH2564D1Z3,76.96711209578254,66.01667564414113,74.20339527299357,1.207041679811276,1,79.18863902570558,3.9142189452376432,92.53531410862128,52.64712887398441,2.308415596416708,0,0.03759665163433871
09IUPEL0714C1Z4,90.37200775820313,83.7652286140854,96.0540392769374,4.942064680202929,0,97.61108928487974,3.1871988769563586,92.6160424812974,76.55391923046417,-8.368501487772681,0,0.03955159735215235
33ZZPHN3135Z1Z5,94.80456499617466,75.23563426524086,84.62293594748542,3.190893602263767,0,52.12111491034459,3.443597316625432,87.33673338082265,68.96048999515074,-8.2442352588368,0,0.0
07OPKJU0675Q1Z6,65.90017374859319,98.79657591258412,96.83656680682274,17.435671331844034,2,63.26630687777335,4.501075657730045,97.13079324981572,53.9911647799535,-6.563410792846831,0,0.07013971554680497
18FPWGA6451L1Z7,55.50259622638384,93.68475692542836,93.99565767841946,4.384279747160886,2,80.0776939649912,3.104630395303732,94.52223541918327,39.42033869728754,0.3615499608068955,0,0.0
22KZOEM1436J1Z8,61.39675812709709,93.53314818844552,82.756405134077,19.517305116382627,3,64.82799561029654,3.345760959477744,92.71144344095876,36.60932283623367,-5.720106426033729,0,0.029342854690013517
15PJYYL4678X1Z9,71.35538943131282,78.7477263917988,70.67407924960352,6.737915835422137,3,85.72120820356211,1.2041452220162026,71.66816565041381,88.20628331785565,-4.334311930148454,0,0.10952278129049893
28XINVF1368E1Z1,90.90073829612466,76.5927800935066,78.06032078154838,3.6423583137739857,0,87.95026412609656,2.6326454905224623,70.20633886658948,94.28782794570904,-1.993743276540119,0,0.0
23DLALD4065C1Z2,93.03652916281716,70.93628287722825,86.24902643982601,15.793970142849584,3,55.125798203323725,3.723787003811445,76.37341831586419,75.48516327350097,6.237322480207595,0,0.0
05WSHVP8689Y1Z3,50.34760652655954,62.25501986603709,89.00434659478442,13.174155510017522,1,75.69272321033839,1.7192421424236444,89.90570781740357,37.24038804023384,-9.722757281742798,0,0.004982568254382061
32MMUZZ5539O1Z4,75.53736512887829,94.58889505020213,77.73663056299607,9.96391432906278,1,75.4445277795528,1.410143812360407,82.33592466647637,58.14190518217685,2.987576404732448,0,0.0
27LYACU0519P1Z5,70.87055015743894,92.51604036520312,74.18068222218473,11.107271018752623,3,68.46403851077706,1.91222063700987,82.07218777897936,81.025744007361,3.3775306208137064,0,0.0
31TMSEY6316B1Z6,61.105390523536514,99.98870693144522,95.04790710397896,14.384035565445275,0,96.6462431284836,1.5867528259677506,96.5376066468884,84.58746188070477,5.97311560713273,0,0.0034281487403013664
01KCVDX4028W1Z7,55.99326836668414,99.86547348295622,99.53206542110657,4.569094826625975,1,91.37531599366106,1.4671068666637814,96.86688544395516,38.2753035603762,8.655058781206264,0,0.0
11QFOTK3833T1Z8,66.8807585701814,82.2172682241051,85.77070546908058,19.92667832113484,2,84.86046909548185,2.411828792906391,97.27525792160758,30.00215031917677,-9.597243021014204,0,0.02367962153175908
25VFDBT6562J1Z9,97.14548519562597,90.75949660722044,75.15037857544911,19.495863242935663,2,85.71633178674988,4.585273312475904,79.41634229545082,79.84959321164234,-6.924325889735677,0,0.0
10WTDCE7790I1Z1,66.16014660103777,97.79062919529711,78.16921979558107,13.00651372693874,1,73.08580719065596,2.7817684103242324,90.73167438217786,54.9617323190344,7.723425881119862,0,0.07749672025087698
32BZUWO8212L1Z2,75.9395310871683,93.98589562709644,70.55172029642401,3.990849018582903,1,96.0497260548288,1.3456417136689536,78.14899543823108,47.81369321327821,-0.8296287562596927,0,0.0
33ICKFZ1052J1Z3,85.15094794475888,69.8939240697279,97.42896419681496,13.604564848625827,0,84.72977136266427,0.8463725122139334,75.7182949922335,30.90282288526678,1.2918127786692697,0,0.0
03CIOPG8968Y1Z4,68.1814801189647,78.02176541240374,73.53253248670424,1.4439681795835169,1,86.44905308279081,3.632702653120664,75.53897372042107,67.82095847330498,3.260544074462948,0,0.04067586086848349
37GRTOF2262V1Z5,98.58910413604804,65.1663766060598,87.2954942654276,0.6130500441161213,2,93.08454518936726,2.2225944399637454,80.26322862590783,89.58055147981872,3.581332089912747,0,0.0
19TSEOG1985K1Z6,98.12236474710556,98.1620410903489,78.22165662061619,5.153657770224274,1,63.70357946710955,4.198239259634117,82.89872859339465,97.03421523908116,8.634808066330166,0,0.011372996730206471
33EHAPB6142L1Z7,62.58911479126821,84.2469853780352,86.6253400754738,9.252459134786326,4,90.35354519333517,3.4677984588834656,94.92847513165204,69.60214654293024,9.938988348233394,0,0.06535713771412141
35KLGOF9882D1Z8,74.86242529461927,69.1457122201385,89.54261165055593,17.36545010816761,1,59.7620301478246,4.083086527436159,73.59673280418136,66.0122929417926,4.403149218618804,0,0.0
02JEUYI3151H1Z9,65.04391549083849,86.86802737623427,94.89225411121603,14.54338139532616,3,67.26709761224438,1.7237571773830194,92.04777542184682,35.95394698424688,-4.255575815896984,0,0.009231692926615211
31UEUMN2683X1Z1,64.24202471887338,84.72512961831583,76.19263815281809,14.85413042399962,1,66.78052271349213,3.6156151510747616,85.94364742567916,68.42109610798198,7.595048045886873,0,0.012994139712421178
34WAREK6467J1Z2,51.84434736772664,74.32650872131362,70.32987485975441,8.509866688961507,3,98.92627341945705,1.6882789311217343,78.63836028027977,56.59853552757762,-9.015581709184769,0,0.03909114358886552
25RWYUF2456X1Z3,80.47821669899484,64.54230368798517,74.10656890206423,6.918699850939259,0,92.82686118739632,4.725808157526312,84.78458753598474,72.49946966185038,-5.378382942510076,0,0.0
10TRBXT6282J1Z4,75.13395116144308,86.86292782371198,97.00055925544316,7.420775259692053,1,85.05849307951298,3.3636842669001847,78.99826209331067,57.21084435135827,7.947714349274296,0,0.0
24CFIDT0163K1Z5,52.57393756249947,80.81230803615173,96.21670232687546,19.75299127472116,2,86.35283808076952,1.96030310078904,87.88245865714919,46.82093864152567,-4.876169711212901,0,0.026097078280844885
22SIVFE7076Y1Z6,63.93232321183057,90.89273566942558,87.92239306510925,0.8021838282496496,1,78.10363972012856,1.712803380315227,83.01531768565732,36.64756926598636,-5.58697880756503,0,0.014849233661659304
01VVXMJ4171Y1Z7,95.41329429833269,80.80654004447973,88.0155058130096,17.340629922448972,2,97.35453335542596,1.359169632822396,74.93216587236637,52.0442911212227,-7.237494137195055,0,0.012524642517293828
15BURMI9474K1Z8,61.978094533348624,94.0872600127416,89.95110023638766,11.573508171447868,2,74.81293764411808,3.625884315021775,73.49749223667091,36.76513840014266,7.182235152938329,0,0.017322410474848785
30NNNLT9034T1Z9,57.24474360456115,82.07627355097942,75.26113835870349,8.77230838379181,2,69.02588549349473,1.484220258490673,86.40087046216391,42.38278655767888,0.0011651838217332,0,0.0
36LYEVP4130R1Z1,74.47263801387815,82.43751886141546,97.4323583777488,14.50515320830273,4,58.15176684657955,3.178864696673701,97.0723909985831,99.1135311005682,3.497864061083096,0,0.011612684858050178
11AGEUN8690I1Z2,99.28252270553004,95.0661441063338,82.5631157467622,9.733378828494056,2,89.31028261305289,1.690857621164108,80.31873059673056,61.0872489834633,-5.218672318499406,0,0.014653623664934064
35NZCLM1535Z1Z3,62.10276357557502,76.13931464849588,81.49415584748492,17.46846476163321,3,86.72219660377957,3.4788602515724087,91.9900032166787,67.23102365535115,5.160808420224329,0,0.0
05TJBAR1238J1Z4,83.60677737029393,65.36060913802562,85.56753115848512,18.01403728022517,2,69.21775192620674,4.167228778432426,89.759840648193,91.15329701160508,5.20011089924197,0,0.09328872555723783
25TLRXL6940O1Z5,88.08098076643589,61.15130705253356,71.40897900325164,8.434418537469108,1,51.25967069796147,4.001113594150939,97.94664742928444,99.68982303434817,-3.748039501833997,0,0.023691646045589376
17XWFNQ4011O1Z6,61.88187719961999,90.20549022694476,74.98850106268239,5.536555944701032,2,91.94986638590052,3.923830989188518,94.62943051897425,70.79001145412771,-1.786347339794343,0,0.0
31KDSRO8377V1Z7,86.41081743059297,84.8123820541386,92.14100849279112,11.847006571867244,4,50.57089917270368,1.3447508256151344,86.99815776716389,86.87316747309202,-5.806194451395983,0,0.032827680431691486
23DTDXR8743Q1Z8,68.38915663596266,88.16319072396894,72.48396003775379,18.24726691233382,2,85.18498898145255,0.8977322614303342,89.71091494702321,52.88587170356727,9.531220466458088,0,0.0
08ZYMNK8057V1Z9,81.61529152967897,68.51856646035642,88.09456328399165,4.213243780113332,0,98.51285548630284,3.6452697281932354,96.95159399752104,51.402077021310376,2.912051541168232,0,0.039354230187122606
07HLBRK4277Q1Z1,81.67648553804473,65.45485902347079,77.36047329043963,12.459331671269656,3,71.88306640741017,2.157562462074581,81.98556353760804,58.189260469619214,8.69087761431031,0,0.05792977895037021
14VWHMA5960V1Z2,76.78873420373793,60.58178662671528,81.6788684212593,12.631204401850413,0,61.74867024979764,2.445558018815063,79.80384117573333,77.07550838715544,-3.932289127417336,0,0.0
07BYUJH2975K1Z3,54.51448850272041,74.02350235226388,78.660812103121,14.66226044830562,5,85.24355050216909,0.6401709175702598,70.32433250905589,77.75341824785691,5.637818259937795,0,0.04816880646221609
14TXEXU7705E1Z4,91.7651247794619,83.59670747418532,80.67018149394848,2.631353702545196,2,90.85640710077924,1.6680940217377214,94.79653222574392,52.06676042546155,5.317172877694841,0,0.020639046346824917
29BLEEJ5717A1Z5,66.0390032485868,75.68976180398928,91.57137715552736,14.31649929364177,3,77.32151580389237,0.651543817435088,94.02942101210095,39.32469468956401,3.833113037330831,0,0.0411030079997245
15TVQQQ5621B1Z6,59.32592551999271,77.49899688094916,78.91365146869525,18.18065041331282,2,98.35176376280732,4.456335976705614,73.13363554300454,74.2677379525856,9.31277950533601,0,0.09483964913269738
08AMWPF9716G1Z7,52.0387570777382,96.16634777974994,86.99213920890692,3.5936621774048394,5,52.58343608289805,1.595285074483387,87.305721433981,38.98281035321352,-2.128893277873689,0,0.0
02KORLM2994S1Z8,79.5446471594121,73.93021868093201,84.28151206597299,4.750866498477553,2,75.2397799152264,3.0080172630785365,83.91945094500662,70.4944755760531,-7.385653528204854,0,0.0
15BQPIM9333Y1Z9,83.87821809211411,80.55957956639243,89.91013496087945,19.427901880832792,2,85.9226973661275,0.6754069429750869,73.56127286527334,78.53954896394163,3.4341771848812144,0,0.0
07BVXIN5975K1Z1,50.829391446392805,91.34612050964571,98.10489217974272,3.6195390541897954,1,93.13202355745896,3.500813260875461,99.4170468118217,79.04280474761161,4.586196009544123,0,0.0
26ZFTWI8693X1Z2,75.60465291496405,75.8617112928508,91.9771629163075,17.087701867391583,1,58.9627805953895,1.9536230558934224,76.44087662390066,82.74304774617177,1.501211469176294,0,0.0
11AAVGV2456K1Z3,61.3247887598969,84.88346800911494,76.4482113577227,9.845557128960696,6,90.00017408818407,4.540636341309496,72.01702540271684,91.10015950959652,-5.863642137332075,0,0.017057598740832194
29ORBYT8770N1Z4,82.25863952047249,94.4945483498698,70.93549405183855,4.944621488063541,1,77.63535378592726,4.496531850203161,87.84542138505728,64.9971294375352,0.0891188333871078,0,0.013834539966500954
12AANPR9301W1Z5,58.718321450249576,97.98082494630567,77.86792132899475,17.414998025450227,2,69.82768409949816,1.963807782627865,92.16600031399098,81.11744326706997,-3.756205268617412,0,0.04135916245180119
20YAMCN8796F1Z6,84.5468869051233,65.88293923716152,87.85233792100765,8.90610510005331,0,56.58575142895468,4.5543240306071056,70.9733033814156,73.34209147560857,-1.4506694366662192,0,0.000650094593895351
09RXPAF1034Y1Z7,69.33676731502686,97.06350500645978,71.5427744045275,10.296347078593804,4,93.26478794544562,4.982709530744505,89.76152916181067,43.06479578583778,2.9043715168932778,0,0.07267670385786584
10MORKS3116M1Z8,96.83649943683672,79.68465172318153,84.89098741603709,7.184667387995313,2,57.863660408985766,4.214370488557766,85.96875627854364,31.79827514085857,4.90429485381669,0,0.0
33MPBXG8050R1Z9,56.87604720729966,70.32977553195833,87.90528546750667,11.859017028698547,3,65.48939296045496,4.30192106489853,73.09795026625146,49.91789699738536,-5.355506181973137,0,0.13600845832948094
33THSUU2412B1Z1,67.05331755251292,78.36543024953045,80.02731672450882,3.270477451700456,3,64.50227659812184,1.6205393124909049,75.17571630839086,61.01235944363336,-1.893492787060932,0,0.03128336738825031
33AISQY3470P1Z2,55.67367606202946,99.20130301141909,93.12736611237466,7.821630733035214,3,93.57070170954272,3.095160794859904,87.03922891948241,73.19741611000595,-4.616768580167417,0,0.0
35SWXEY9769T1Z3,96.23468091392814,79.70472375971478,73.19794759401316,19.38824644670575,2,83.63514971044489,0.8026516128531553,78.89072840539865,89.49715313522438,-6.027367722762618,0,0.0
37SAOFG2689K1Z4,93.86696766904905,73.15006441150032,72.25413345207426,5.162668654022551,1,89.83406985956861,0.9271307156975136,98.14947185953947,43.7372001694316,5.667744399916767,0,0.024123620762159265
14ZWHGG8885Y1Z5,62.89708138575778,85.33603417266903,91.8456626861081,13.134733290825844,2,62.52339493962495,4.995016754149808,94.56220688452152,38.7884852928934,8.185053888739848,0,0.0
35DAUXZ7340H1Z6,82.99920230170895,69.60582475112773,84.86473948618595,6.503801284493898,3,81.24370498034995,1.9698766224166,99.50701619540988,97.44359632320293,-2.5953562863084656,0,0.0357000247046046
21NDVOS7108P1Z7,90.8611100100608,63.03453312434656,90.65207189283208,15.469462513732012,3,78.58729915718743,3.8668276042198086,77.79012516851242,37.5631191563485,5.025578487475338,0,0.023661881228677243
16QXODM5436A1Z8,77.76004057997312,65.15518887642597,83.04482015811239,2.6174732143669965,3,91.64151883941356,4.129992738620674,99.09170898393933,63.49437490750324,7.939905787288222,0,0.0
34CLBIP7870B1Z9,76.48252891780032,65.1218335583109,77.3920609971732,19.39642090157089,2,95.30435302406303,4.361104719532531,82.93701609374673,70.98946101553113,6.92248421060463,0,0.0
19PELVM4316U1Z1,62.092614545022585,66.07610774049178,94.573069530226,9.075790827672783,3,50.60783857386934,4.989327338309704,80.42556385941263,67.89620946352068,-6.343732229215481,0,0.0
33CBIVJ3949H1Z2,54.65513839029496,65.5530869059764,93.98247636906936,4.721009266929279,2,83.70099595293964,1.5867341836559052,71.51048580908059,36.02225099230603,9.125837630267227,0,0.0
04YSZXQ6810W1Z3,94.86078789766634,85.63498979212858,90.8408941256328,1.4699349466002531,0,52.59178995598645,0.6815787208686487,71.58295773578809,33.991883980253355,-2.4664711914107507,0,0.04281993971617362
22EJKHP4012Z1Z4,95.02090285816652,67.27520337596579,78.16435411689888,3.395158101750815,4,77.44293325386779,2.350361830975637,90.76033767839964,37.3838399222725,-3.2151867765232733,0,0.010704687206510199
06DAJJY1457A1Z5,81.65507286366339,73.82669133295452,87.70692000607261,10.395478971120353,3,64.38163645218391,1.0853630142302613,83.73786983302084,70.99113787108288,-8.751373454444394,0,0.0
17YCROK7856P1Z6,66.95148955243504,95.87153639624049,80.8292169082008,6.7400635286257256,2,65.33882997610706,0.6009165012292481,76.79564878108317,68.10414213440248,-0.2765269179023395,0,0.0086590462925591
29FPWIW2495Y1Z7,67.46047873063304,78.95846561051489,72.74746219979903,16.57766731765219,3,67.64792517261783,2.121920722136688,88.41910918975698,46.36185544257209,-7.819727687181426,0,0.01926586898644184
14EZVFA3042L1Z8,86.29778394351197,86.70230954084109,97.51940726386728,8.617750473236118,2,81.0646224524805,4.026822129838564,77.58574354750334,74.64418992919141,-5.02920358145148,0,0.0
23CVAMZ7303D1Z9,94.85551299762886,66.8927948480652,74.10455892756885,4.974285451752598,1,66.70249828343846,3.047813110512819,87.32895263033268,87.40472514389546,-3.6611475646543727,0,0.007686255297276396
35GDXUB5813E1Z1,94.35432121325589,67.69156075234683,98.50712061462409,12.342899732080602,4,86.63495252951401,1.9075009514465933,80.77626240948071,32.910527189261565,6.176526469833682,0,0.002910435922299995
02WBRZE5116R1Z2,88.99377729288119,61.63474465065916,83.38017318873867,14.135544337708916,3,70.22636927869348,3.4445390247172387,94.70656679835456,64.86909604836296,7.509773007917929,0,0.0
31BXNTS1392H1Z3,82.10158230771438,66.75740252288658,75.55398786515859,3.340838158018997,4,53.41766001549793,1.5440818113896482,94.62088482300338,78.25172884718832,-3.9506736507706064,0,0.017889368017414167
37WQIRW3964C1Z4,54.206998249752445,71.14361356127834,86.25702842135074,3.3523843257663533,1,89.18799212420537,0.5647165073243826,84.32051194367205,47.6618348948781,7.173962424891478,0,0.02803922631841172
26WOONQ0574K1Z5,58.08143570473069,67.08041937106987,96.18837507629225,0.7334285386708594,2,64.2879162296353,3.9395902389639232,80.52457328005048,51.54396337052044,7.144618747395821,0,0.05415256215876385
01PXSLQ5692T1Z6,94.92770942635396,63.548101350282224,91.96674659228684,14.72804030131281,1,71.63834397996314,3.306843881888041,80.87679389677284,72.95465320925686,5.29301900769747,0,0.05269010260174515
21OHRSX7263H1Z7,80.3214529829795,64.82543484402403,94.1968344358435,13.276090552436102,2,84.27219416109509,3.93036181025432,94.17143577004654,92.85547054106158,-7.066097719696369,0,0.0
18ILDJO6507L1Z8,50.45985258083148,78.43115072130902,89.76350100132152,9.492617514996278,1,66.6228078574356,0.6752210750944952,79.84538448392836,86.69470942120296,3.806456938014581,0,0.0
09LPIYT9542Z1Z9,55.073577143301605,68.2533487362317,90.76829693553556,16.883408979383944,1,52.82928280733578,4.267038325237935,76.27178121120538,70.81911533697084,8.900481291611374,0,0.02575176336043299
30DACDQ2778X1Z1,83.1750884554028,74.57079444192301,95.4758695469596,16.113403059001065,5,68.69605235064068,3.287867900163365,72.5406502562592,81.11552024300744,3.650809575343141,0,0.025689297545610442
24WAQIM1036Z1Z2,50.253079192310935,80.13669083419427,77.49004026577558,11.707087287935042,0,97.22242913471516,3.0352790782068806,84.00079362653226,55.53757291454591,-3.367663017843321,0,0.0257523843153024
29XKXTK9421U1Z3,58.04040257087493,87.61579314517462,84.68274890929422,17.365425610265174,2,82.08671986492791,3.310763216515392,84.46396296759525,74.86758696691304,0.0115863486166247,0,0.19263657453273608
16IQJHS1324Y1Z4,77.4366894683293,61.57248559364396,76.63628325458807,4.1168242007353655,4,83.57395743336035,4.389949610907639,95.22726131208722,62.63271137892899,2.914500867021072,0,0.02854452553465835
05ESNKT2395D1Z5,84.59475988463467,91.9764159563617,99.63004023989942,2.238392387954557,2,81.61410768188199,3.141214279515082,76.63716089338192,43.29552955202927,0.2114081745700708,0,0.05677828200902995
31YYZVL3044J1Z6,82.59806297513003,85.11601557963631,98.3217801905984,5.394992230339792,0,59.94960694797184,3.114276709496807,81.429738210052,79.121679171408,-7.600941165380604,0,0.04770008817466012
18UYWVY3274H1Z7,61.21346547302799,63.27036127795488,71.18280434105517,1.141737121786297,5,70.916693205114,4.958056206795947,94.25217216681072,68.95252461441754,-3.758719106959587,0,0.0325695625652899
35CATYT5282S1Z8,85.6089610673768,94.94314496427108,91.16725517547066,10.62339056002064,2,87.5469899181659,3.905285751808556,94.7087083224692,55.1035107367514,6.047920611072652,0,0.0
29ZAFDZ0381Q1Z9,61.862454374840006,96.83489602127251,97.75744952246998,18.732113845899228,4,55.06864487765796,2.490322124530109,81.53833227936305,93.79374330550417,7.2283609219103475,0,0.03794846102466337
35WTFLX3744C1Z1,66.26998490796339,62.44311839419455,75.41726035382001,0.7868708133701929,3,63.892638804485614,3.683286500148175,83.77372069860043,31.465388247871328,-7.253999345688595,0,0.0
09EXOCK1186H1Z2,87.32457025590121,71.07510592588815,87.03835691657889,2.442198280200536,1,63.81595542329268,2.251537122613048,79.0985767254785,52.10412058746472,9.047735047974491,0,0.0
14KCDCK1787T1Z3,82.48164495236074,92.24805119172244,97.46464892764126,9.043980565668706,2,71.6009463797253,1.5299395811757457,97.97664635257937,33.98169784443526,-3.4235476430278133,0,0.0
29WJKPQ5154Q1Z4,92.4611705247089,89.93038761534633,71.01837935757396,18.6775003505581,5,99.01843704710924,3.1858334459949176,73.55931297224741,83.65691213551389,3.246274774614399,0,0.004093706969316128
25CRAKF7980M1Z5,82.88064461501716,67.38084077425509,90.9226080174052,6.32312209953501,1,53.3751273341911,4.676819441512782,98.0124826900441,79.14752178796547,5.036502919133623,0,0.11573292833367543
29SVDWX0687L1Z6,78.41543016677358,68.37397293346841,78.92047022117652,10.144696173767848,1,75.93504971902975,4.681127840069582,90.5159935550603,53.19465531154219,6.238924692757667,0,0.0
35UZTCE1507S1Z7,54.683738391404624,74.81888411165528,97.73188586129592,0.8314571810078419,1,58.96823410061052,2.0385737514747064,85.94716458060194,77.29640315449511,8.914994044518604,0,0.03431300951872567
34YKHUT3730D1Z8,68.38579015297168,79.38091940764085,99.13174735496104,2.966864019241777,3,98.5338272704872,2.874548597997628,70.97977182353488,57.71560583371649,-3.741609039423548,0,0.0
23GBLJP3529T1Z9,63.26011838408627,84.73019086121184,98.32799467340304,19.73260245917694,2,55.66517523637321,1.4523615435643755,84.26788575466026,82.9377653995704,7.1701290910310895,0,0.0
02JUMKS1429M1Z1,62.19948216895418,74.75654558279089,84.22642649972391,19.30237392872091,1,70.18005011807956,4.980339992744976,82.23244315008196,61.79285639156943,-7.36626193127586,0,0.05444752984836831
28LPFLN8338H1Z2,98.65052773762228,78.50138864532592,95.8612795296794,0.0987996186881923,0,86.89424924173031,4.915030585405711,74.83656435925367,58.85958094821659,4.100818127071854,0,0.003214000954773139
23NMBAV2156R1Z3,69.65488623333802,89.89883752535026,95.33648195605213,19.03623570846478,1,85.22772140137226,3.422790183683513,89.69228810501971,95.43109408418108,4.839554590279718,0,0.0
06UYWKA5133D1Z4,94.60232775885568,61.46732811562392,79.57301419729767,12.782398756310007,0,71.13643184469662,4.11986326854863,99.13452722104856,47.56153699234902,3.554464824026409,0,0.0
22HVIJI4474J1Z5,81.55693129986315,70.09747777376083,94.86746422452032,17.358365890400442,3,67.32620839763591,3.71795072577665,86.86566433193576,38.43131379975958,-4.95370527729694,0,0.033979887446733796
10AKMYN1499R1Z6,89.74056517708243,88.5339834353821,71.11022904146478,9.09479711267718,2,69.88061892764352,3.169211985677607,91.44259829331838,70.91801792816207,7.460862940304068,0,0.0
35FHUOD4362I1Z7,75.1318546552596,95.80827350748795,87.8880963544616,10.311920571585006,0,63.213813157931966,0.7400659864500396,72.0535135769805,97.85252685989252,-6.622830732592099,0,0.010822929479098744
20CZNAU1687W1Z8,78.84519423131795,80.46709768462665,76.9002651186311,9.776931605138405,1,60.26664693533999,2.5464395414869747,82.53000987450984,56.44874496090307,-8.927304169583383,0,0.0022785919951906894
30NLHMO6294Q1Z9,74.6258846909432,81.28453941061262,73.61700657331836,13.337285150922089,3,74.1519848779445,3.536538359753348,73.49075455493488,34.342573454014705,4.349299812238243,0,0.0
33BEAHZ0678U1Z1,59.76214938990223,64.28688045359104,72.30859604887627,2.793025095126258,2,63.42668780338037,3.548892262476581,88.38387506609531,53.75136871166972,-0.4904856953453258,0,0.1071972044662663
26GEZFE6411R1Z2,86.12260576307526,77.89649467293819,90.8886632763442,0.599471797453559,1,64.3730832448625,2.179051782900726,98.15446474642464,65.41521580236909,6.98196039917352,0,0.03169595111590056
36PKWDS5895K1Z3,64.03861812204279,81.30469065820093,80.19624891304198,6.158598831823818,3,82.83780317372785,4.737613939961138,89.85333197414916,41.33461046425496,-2.332057178834821,0,0.0
26XCBMB1739C1Z4,51.21579832157269,69.69882014538919,91.74300314586284,14.093615254732937,4,98.4268665849946,1.2531066450655146,72.30409144943265,76.06715526395445,-6.634428229845744,0,0.009322715738471382
28EANOL6658B1Z5,82.27361479535838,70.76972923797524,71.96069022396827,4.037069042458967,0,80.18186002796875,2.751617507970023,80.63998614955248,99.84245723071405,6.728843849397393,0,0.0
01LHJVO7290E1Z6,58.85553397035245,75.0913665241849,79.4587101349183,13.468648666498346,1,53.84897335324831,3.608977894478703,86.51990138322554,61.62176331870107,0.9781926328014344,0,0.0426216667398112
24EWJFN9628Q1Z7,97.02292921764572,60.802847911109055,86.18473877126011,19.39824092214541,1,53.77918069270335,3.6371111265131417,82.09623268399757,54.83099897111488,-6.216084152192902,0,0.0
15ZNHLF9384I1Z8,97.69642885012937,72.88316662332713,93.7216949451689,1.878014315788368,2,97.5711610422783,3.41887530545967,95.00932031425518,58.049291678412665,4.407679971728914,0,0.0
28BGDFU9703F1Z9,95.74321951102245,68.45792027986178,79.5625750879621,13.452042364502525,2,64.86453951536669,1.7387969605333709,94.44013014129968,38.06023248766408,0.2222727697900097,0,0.025249363949022857
06OXOGT6314D1Z1,68.50793501277222,73.09989408711658,88.77674129311028,8.875004386091423,0,54.60334930412377,1.2029295590897988,88.35493060309665,91.82915209983568,2.086259644806397,0,0.043287759708506075
20QJSKI9811J1Z2,50.77283082644337,64.79048527277004,96.57933244708562,17.362845087550106,2,79.95222935751907,3.361731470720199,81.20373835398115,59.03779588649464,-0.7820332358683615,0,0.0
06YYZEQ3530R1Z3,96.41592812938626,95.6210912295958,88.47589564546914,3.542995788947718,0,81.18243891451331,3.1968595226274696,77.66009121289733,57.109208799738894,6.574179676360128,0,0.0
19KQCAK5212I1Z4,71.40920741586572,83.74369814216195,76.98878424260901,13.85251904452329,4,82.42524100593441,1.3071020463015843,73.17622954639388,76.1783191051332,6.591254313660997,0,0.0
20SBHNE4374K1Z5,98.33274095218349,87.16409276577959,70.73202344669615,16.762305792962206,1,63.37010139287706,3.673126155067535,80.64693050459663,60.94233946517865,4.187776436487724,0,0.0
07DQSLK5281U1Z6,98.18099885446264,91.56684954429352,96.1029662170279,18.892284389480466,5,50.75553421072375,2.5482739628014537,82.39517551623159,75.37634281654923,-7.891972452070755,0,0.08827271201405484
03WYRQB1131T1Z7,92.650472773368,79.9376879571623,70.63808232551162,13.664960565792915,1,98.2507684727236,3.504922662214188,90.2746877531222,34.301240309155126,6.777077238081375,0,0.020249085548047777
08OJBEU3766I1Z8,64.72244460347929,63.47681152349695,96.24105018052596,9.943495280168548,1,62.54465228455513,4.268151858965679,89.7447947289272,86.96063406055592,3.420259610658196,0,0.0
14AQTJO3259G1Z9,69.25488643009626,81.48426167274191,85.86811402081636,12.356944804024277,0,83.80131440262738,1.2637779285961543,72.10324418923771,95.8352767015582,3.94048332008599,0,0.045893097352738804
31CUMSX6189M1Z1,92.55683357584284,83.47364472083517,98.17203095538687,17.378099689574363,1,85.33149349393548,0.586151905985765,81.85777946293473,75.41357703115702,-2.740343191922568,0,0.10610780985063167
34VCBQD1003D1Z2,65.84610025781389,89.81757896737321,93.96349707320996,11.412194932776591,2,80.50037085397429,4.005961638781041,75.45336601652086,96.81961502011676,7.585591123140134,0,0.05162326302755735
29CNYZV8813C1Z3,58.474637334304624,77.26638184918718,99.93802331600013,0.6077411939367372,0,65.64536971068242,3.243638413186772,74.70438115950417,40.60026200589744,4.507432004697149,0,0.0
23DVHQU2253E1Z4,77.84006312291751,65.10321211182256,80.5213544635513,18.618973910139555,3,63.554812688203285,3.648378063299548,94.81906449211738,63.41913326362476,-7.748190669416111,0,0.0
05CUJHR3017D1Z5,96.80773870803904,71.35103623194898,93.0156486679338,13.790535020631223,4,79.88341413513515,4.271697387448891,71.25745650148772,72.12647137618131,-1.844439311876746,0,0.06334555745933114
22ZBVVG5564W1Z6,84.80148983374865,74.5232918559454,82.05792740827727,13.53026771554493,2,93.30478168058455,4.112649206710252,82.57548627706365,70.72156531948306,7.727607239202832,0,0.0
05ASYUO7763X1Z7,78.50305850446824,85.83668965326405,84.39626860911727,4.313503047954344,5,97.33668644616978,4.824140661179711,75.04610967299554,58.10232453623303,-9.05606596605242,0,0.022190971407311424
17PHNSH5592O1Z8,54.85882468853843,82.83113218675648,88.8251638965511,13.177709404653145,2,55.29529022018788,2.911707854834532,96.37990647035424,53.6659086556383,9.22833239284099,0,0.03873170267146684
11CVWJG8379N1Z9,80.75036133495848,74.24386903591385,96.21031342559016,7.87728811308317,3,57.74143062988599,2.698230346969574,86.71121539825106,38.87768157852932,3.583251366391256,0,0.0
25ORXDP7804I1Z1,99.50269250521316,99.4606099517192,99.52250407597886,13.02465954082984,1,97.236812939154,2.3084923995082853,76.94141909130545,57.42197153935948,2.6275195528675326,0,0.0
28YCZKA7193D1Z2,57.0042007618262,84.23099277427548,93.04820241593556,2.1318606061598144,2,86.82676141673963,1.1916096927989204,85.07281861499129,41.38625705738396,-4.5888148702401725,0,0.0
24ZWGMA8529E1Z3,75.91648261818683,69.48907166943978,82.53300346502002,13.15690609206072,0,94.14969124148864,3.076732547969101,91.94459079109347,81.4055973544553,-5.024164225216459,0,0.0
01ECRCQ6258P1Z4,93.86865359639776,64.07129890481615,82.6407100683121,19.98827451541333,3,60.13163170676716,1.7465563594669045,98.743540267583,44.6181654846213,8.841164389771908,0,0.0
06HDEWT7121Q1Z5,87.03843088771022,66.11436556737328,92.12746904766676,0.9642407772111206,1,79.3792935554701,4.645883804958389,76.61338012736257,34.09957136991737,-4.034550915317546,0,0.0
29JXQRU7935Q1Z6,84.8507870497634,69.83830913538033,77.16331437304908,19.543483684426345,3,85.05697972087368,3.124358619246939,96.58545316388036,68.6656296472064,5.510105934379988,0,0.08162056519658177
20PUHAI9991K1Z7,85.12420419935546,66.42725493038223,73.31422339394184,8.138159214457412,3,84.00559427234863,3.167780812286496,98.02912342502472,71.66608129035811,-2.137564035858417,0,0.0
13WQYFC9881I1Z8,67.97455756098776,67.46268096205223,80.6386647292233,17.415069006745185,1,70.4075845433349,2.0971609739465453,97.49261633596198,91.0339142896354,-7.21491858430592,0,0.0
12CDJPM6423Q1Z9,64.67959221322467,71.40380674775389,78.61716974962245,15.64770968116547,3,50.76974458456542,0.7339520838996837,89.0624307058573,70.38871286923774,-9.78569404609282,0,0.0065370288643045674
29OJCFP5542H1Z1,90.46805777392568,66.93494381179019,78.8892436136797,11.340325219733357,0,79.14630284021315,0.6428469441784488,88.89461963304123,54.183659760641206,0.8851467403050162,0,0.07206366445330578
03HJAGT8905G1Z2,90.50566973395904,95.870616985057,77.0082325314973,14.76898418502653,1,62.65507695898044,2.405008148689389,82.09631899551468,86.21083170684244,9.515576370978652,0,0.0
35ZPPVF8252J1Z3,93.3536159290052,63.20934982646569,71.26279568909085,17.57031122602696,0,72.51271230714451,0.8805442014375704,92.57193646911364,67.81952252311947,-2.617276123815911,0,0.058158187607747984
34RJEZB1100V1Z4,95.66202762782356,80.98045558281018,70.53621804200242,8.082806433020659,2,97.87905075419089,3.230811299930626,85.93882055052796,35.549619924183425,-2.856153320139104,0,0.0005116530509793525
27TLTUD8958J1Z5,75.56711994304689,76.41587307958646,99.63167169208094,6.540663231264774,1,69.95176588212173,4.464378525378459,90.32314213684884,69.60953922192726,-3.1181676430111587,0,0.0
19MVILC3736S1Z6,75.07581473435998,99.29514467634424,82.83319401207586,13.351867711271694,4,91.99008033322131,4.47311667433425,82.85373711546386,93.56129817951636,0.410876746097168,0,0.02310517371316354
14COULM5647Q1Z7,89.91475894833876,64.4815560867221,81.52979941479045,16.15691883882517,3,59.42703028746256,3.4657043455950456,91.94489392129417,57.74188378487544,-1.1867023315141283,0,0.009952984778673502
09LPHZT3882E1Z8,82.49819653888827,75.91422396182966,90.3894184807921,15.245702695532316,1,83.62302490125144,1.4505432416281896,94.73414552813648,50.742806132986,7.598292534540288,0,0.0
25BGCMN9143P1Z9,85.09834386288517,98.77881733101476,76.54761663595193,15.95627297717269,1,98.85034772194716,4.383485741114924,74.39308769808449,40.04286199126141,0.1104158344698049,0,0.003490104249500946
08GMZKI1911Z1Z1,89.78963347180505,94.6202850357592,98.49883551850677,8.71166629625866,4,55.09465504364684,4.487420458909437,94.98789146722685,40.60118653547501,0.1551567637713766,0,0.0
35KZBDY2580M1Z2,94.50026709087832,92.6828828379712,93.59035043246656,16.35668432350043,1,50.4159971113596,1.384941132288314,86.20889595370922,60.29400390392732,-7.232568105588868,0,0.005675867262562403
05NLOAV7393F1Z3,66.89975784257679,70.3161130817976,72.68233006936778,2.404181107412169,1,71.67913963163072,3.818417385968048,95.33997727270672,71.69758769130706,9.65479081820772,0,0.03310653372605234
24JDONO4937K1Z4,68.7791476319972,66.83550349560264,82.52742327354785,10.889781959216991,1,54.63127415256836,1.789337970172053,82.93905119023044,35.64307836187212,-5.000542182623406,0,0.07930084080726761
25AXFRJ6605M1Z5,54.69909699204345,86.74572879697723,96.37354922686494,0.1151732099624314,3,87.41921748381156,4.111881405588184,81.37121456149106,95.7698012317616,-8.532718650807947,0,0.0
02WTRTP5294G1Z6,78.9140070498087,97.17503956510345,98.3419606687423,6.4917165980054055,1,95.72743319242797,4.987570549566212,97.45182197551668,82.85935322116372,3.2629249795041755,0,0.10665166873281334
20PLVQE9512O1Z7,51.797113689837104,82.2705157205572,84.0220453374961,7.329230697427958,2,71.70104863543794,0.6351170239822677,77.53507802645204,71.06367427985639,1.9073274031374527,0,0.0
03HXUCZ9065K1Z8,73.27990090662301,82.864507578796,88.40234167632123,7.923453832185108,5,62.93558210777205,4.538146396059194,95.32636975858428,87.99070696572936,-1.697086920145086,0,0.0
17EBPVE7282F1Z9,77.13223173537884,71.19916374641137,75.01101838276226,13.909344133797244,1,71.72016595033048,3.301837401193961,84.52061717528213,35.61307297684793,-1.556155322386438,0,0.029415860324228826
08VCUVT6714D1Z1,64.32706260641422,90.77971732767747,99.7350587841093,7.771162025406914,2,86.17239089250005,4.880221786241696,85.4228632765378,63.37872144131871,5.701278420928624,0,0.014049593386751633
18ZXWJQ0220W1Z2,79.54166302845053,67.48174994230094,76.9501510415033,8.973872452450614,5,50.45270807901855,2.592542828868924,79.25404844468451,74.10651888031643,-6.085747198007018,0,0.0
08AMZMC6744X1Z3,51.52501249695247,72.94716945616975,98.28195322405377,4.75088261748655,1,79.47269947423486,4.313245687571182,87.19126601857047,88.00570342828024,6.405066378897793,0,0.0
10VISAV4133W1Z4,51.86740943746072,77.01745754465668,89.48939946977106,7.465035832586802,4,80.66458424436895,0.7807733086922475,79.75633588828634,84.84286920344874,2.9749422779003627,0,0.0
08WPAXO8225M1Z5,91.13002803298292,80.3044151473782,88.23210384636577,4.545392545263029,4,81.88441234479677,2.008755725352331,71.17808242724956,49.39484747993798,-1.6206045244095115,0,0.0
25MXCSI7074C1Z6,68.00953207056314,69.69638929660321,85.38065533049526,1.4639184753688728,1,62.10110399904386,0.8015744198804449,78.15995816033069,95.8616118691443,-0.839427668322628,0,0.042480104851051234
19WMBJK9806B1Z7,56.35302563259424,64.59347298956814,76.92009435153275,12.06897186762756,2,85.70263616890634,4.889044100655817,70.19137130219772,38.70420890016092,-4.867055856278084,0,0.017850774298252367
21UFXQX3586O1Z8,76.11216300274022,84.4248016976653,75.29584096016525,13.364255971100324,3,54.56957431658882,4.1763825827232655,99.35064361170568,91.25935330348064,5.042286653939495,0,0.0
32LBWJZ9900Y1Z9,88.49967765493054,71.54522212961024,76.61458627210526,12.38980692019229,6,59.96351682334004,4.336463395606867,98.97241629459242,97.9658174723233,0.2574948461053559,0,0.044979993771662535
09LCURZ4522K1Z1,60.79105137484216,83.24952885690449,75.59314786432763,9.269880876011449,0,93.87350233272409,4.720843541452524,81.85465892416914,42.40074662558379,-3.5829091450031285,0,0.015364976043830468
27HSVAU0021X1Z2,81.14452379095002,66.17450861096809,93.3875342070026,7.595715603584596,4,86.93615753632832,0.8829656875390341,91.8511256301894,80.54462449426497,1.9210023152190043,0,0.040643105941948005
31HZBPK1695T1Z3,54.2673732496884,79.2456040741927,80.5037577750019,17.266672991436504,3,50.68727770056727,2.23518916631,80.37418295231275,32.81998631445989,9.91468904102646,0,0.03148144209618061
20QPBMZ6708L1Z4,52.58408605843039,81.30357730206343,71.73528029690189,10.381635702724362,1,62.41881301849001,0.8196570006980095,90.13279471257928,58.37959775974085,-1.2947544068689236,0,0.0
12JEULF1908W1Z5,76.5677315784074,62.07294147289708,99.07307890422432,9.58363755259462,4,60.72032414965823,1.4485689569751288,94.16290129137936,66.13983094383718,8.413828015572392,0,0.0
12OHDYG1459E1Z6,77.03175608050532,73.46417112775683,96.51357654890276,0.5128413161287138,1,63.54031640184863,1.5321459966695257,98.40268734076722,70.6451658136744,-3.099663201508678,0,0.037364680256163095
08TYPHJ7438H1Z7,81.87149507491033,65.37658707755897,97.8325684958564,6.824956552523127,2,62.377988513994325,2.610982449714104,82.00636827549016,95.51560737739916,-8.905345861500283,0,0.030518513271673244
18XOZTO4042A1Z8,86.30456668613309,62.53499881891071,99.84723467939304,7.603912375717141,1,53.126314787142285,1.7085297535413917,93.49893948868144,77.05754811059363,-5.915157872631422,0,0.0
16EJDBC6553N1Z9,98.79260397312672,99.5984092955978,75.21685747658462,7.97645561793801,4,72.94702582984101,0.9544014806799248,77.97785351896357,63.68945658534659,-1.626097133446315,0,0.0058663691654391
33KJTIZ5250J1Z1,75.81501741505977,72.89415379898892,81.88726056707976,11.603447384546646,3,86.63667373930826,1.2537099009234849,99.70996911380944,86.67725253861225,-5.60730142810862,0,0.06388324478942124
35QJIHL7139M1Z2,66.1478236470623,92.3949778341854,92.74715427112274,10.67205093453757,6,80.33658623587182,1.1627400359844091,70.77308796293053,96.53729746680862,-9.99545923563489,0,0.0
25WHOFU5332X1Z3,89.75930973843518,70.18562619055055,90.88061854161376,12.158101855868892,1,83.643583429904,4.878845590605343,88.10586419503363,31.54463040776036,8.300030754950544,0,0.027354869058501898
28YQAXL2706L1Z4,63.54161256310371,87.26010888895718,74.61687719019565,15.297665230842563,2,54.05745892681196,3.9168162811331313,89.78517944953981,98.7764890579227,6.877588224618581,0,0.0
16VXNVG2364Q1Z5,71.9485710352818,90.40911439558748,94.47499374971854,16.25971477432187,1,97.57453550883936,4.854926593713029,90.64136671222386,36.02924973445762,4.8458446297389415,0,0.0
09IFMYV9335N1Z6,53.922819067113295,83.82554962431377,76.73321715509982,14.362461524529888,2,91.92459169215124,2.4788321892855887,73.61162736367267,87.00707454881329,-6.643708087079427,0,0.05493884259935951
35KKHGD0797O1Z7,51.26753717077288,78.86304754200634,76.71452844467869,19.11047391909869,3,90.25451592478314,1.7526581674819548,98.15589350419393,49.62343267859888,-7.592728475800278,0,0.041270817449401496
10ZZPBU1417X1Z8,98.13242073389624,76.47363656589074,86.10923268680241,0.3646516535272326,3,91.14919025208836,4.09231938744134,75.43549837150249,39.25257604277103,-8.647905010552337,0,0.04067548180003193
35IGSCU8124F1Z9,91.79900602561028,73.95473066171981,87.7881980452511,3.915559713670922,0,96.63552540663808,1.9681426311851604,88.68260209719523,60.78989477996844,4.480583775458424,0,0.06527394035771646
21QSDYG6651G1Z1,84.7987103046849,97.18116576991304,87.40258623513434,0.1512574995628424,1,77.21269830568488,1.8472251816740672,76.68028237369255,75.07696056133295,8.576159213757705,0,0.0010501920816379524
11ZUTXX5625X1Z2,70.44764722071349,93.22477631150916,72.74460512193265,12.94949428309206,1,60.0141008933813,1.5462769649352404,79.21649251063812,56.66662915164325,-1.38928358173926,0,0.034097648564748194
09RGJWP8917V1Z3,58.66471600354229,98.60107642666053,96.3238258789114,17.96061097899974,4,80.83918039262706,1.083555402009059,86.39375625184373,33.819578579788924,-7.617186560079037,0,0.0
25GSQWP1104L1Z4,57.8218521335543,64.97188893942179,77.96800127766119,4.8696459315259855,1,87.14407468339695,1.6540837745754469,82.5158025569373,71.96227977611017,0.2478564146421309,0,0.016208317624422108
35ISROF5227K1Z5,62.51214490822976,89.23469900814577,73.88544763848412,18.540690895926133,4,86.89586966770128,2.0989388681324948,74.80676802929518,93.16822932774724,-3.0233618508273974,0,0.0
08AYJBE7620Y1Z6,77.46133323530603,97.53361827284152,96.66244239606932,1.205347805791217,0,76.072451208344,3.532973936655787,75.12809207262545,56.825075616307615,-2.503501513000046,0,0.00484979824963591
28LGXEL1136W1Z7,85.72979613500311,67.24932264662641,98.6695449468926,18.688720536110285,3,53.42293596667891,0.7815417899875321,82.544343644884,45.143294434157895,2.4266124831141447,0,0.029757851271845683
16DIOUT7440V1Z8,83.00986883588656,62.6598506946711,95.86382851796353,7.032453744792688,1,68.5556469215064,1.4472812284940433,92.71848934826502,60.980414215297074,4.374362265244047,0,0.0
14VHVZA1765F1Z9,63.99669484729714,89.64482597160236,94.28548224174634,2.0284165689843303,2,96.03833042316786,4.140606381312544,96.93893940543366,33.38538977341466,-7.787928022536783,0,0.10461936378427301
33GLRFK1654A1Z1,97.7432640331597,82.97892452719648,89.65725941917066,9.717435183726511,4,79.2224454878713,1.1611486561269684,72.52382986778149,87.43413091361924,-9.288195383870471,0,0.0
05VOWEF1534Z1Z2,86.89484583478843,93.67315107033087,86.52572111827418,5.135531354410158,2,76.91659716278568,2.041903159351347,81.79311722678203,87.84385676651307,9.886606053714296,0,0.0
23UORKF8930Y1Z3,77.71770262557004,65.59089506505158,72.6096027973423,5.697458039238457,1,63.44267571910967,4.39096514836163,73.0073669116863,71.16003244007399,-5.345433021688963,0,0.05790554367500339
28ROCJU5382H1Z4,80.5860373117176,91.8106924743956,82.25359639212095,6.145799298525732,1,68.42244599582895,1.197163900145492,70.49777441897794,54.71720222568726,-8.923389501830819,0,0.039583134698146796
06ZLZWJ5702Y1Z5,70.9800031213895,68.06509280190978,81.18065551036942,16.060517956653268,2,94.76730445765848,0.8723157602818545,89.85156047931869,85.98483551120484,-6.2024934180816,0,0.031205990852607758
22NCMED3287H1Z6,62.38654947505788,66.54623771462818,77.79261351280978,10.783225533505089,1,83.3231523763418,2.6804209778600487,88.07348325899764,68.8280917351857,-9.220843073030716,0,0.031417275463213996
28JJSUN9112A1Z7,67.79863393256308,66.57063191723972,91.70260341065756,6.2261539831200725,2,89.36935133761665,1.860887800753413,74.89057341444659,87.81526159850114,-2.163782107656566,0,0.0
09NTLIU5873C1Z8,87.89230552321845,92.58298880925528,84.87627205236312,12.206675666218366,1,72.71727115338275,3.035337640177344,77.01438499279192,74.20211548081144,6.048035689026484,0,0.0
10GCBND1032A1Z9,50.7196744314878,86.607888827848,72.43138647722944,14.323013484463871,2,81.5123609728079,4.117122007175638,70.71123260933555,84.9083831248958,-3.175111004845588,0,0.003790227909686317
18PETIX4641C1Z1,55.80363202534581,80.92261699076477,76.60549605849434,5.452480014670675,0,62.41918043716038,1.117168196687344,95.04841617083213,71.8994095252432,-1.11633186243267,0,0.0
31WRLSP6145P1Z2,52.30013210108764,74.3532193649401,90.49776290978788,8.27098203050703,1,85.27304151417431,3.113145880494282,99.24071788145656,58.98987477509664,3.511735471348775,0,0.04875598667088756
37SYECS9325V1Z3,52.03644011594851,95.08802163252432,72.283925784709,2.437721866738951,4,71.38006668516687,2.774789421754388,74.06378610384073,97.05621019482965,0.1778814013976042,0,0.0
24UDWEU1891R1Z4,92.77302920055035,75.69780429690542,95.53620742146306,3.6229869906936063,3,72.12727574073728,1.1483545370593982,76.94425641295895,67.87796774151913,7.228913720426483,0,0.0
06FGIMX6456J1Z5,85.18289296900119,92.66397757886308,84.85439581041923,13.622357079299656,2,82.46611622884409,3.307993184880421,96.05228571840804,72.35626629783769,7.320713500915129,0,0.0
19UITSG2714D1Z6,73.70869145436626,77.56539634280874,84.41759731979944,3.628766953912539,2,96.81403107344632,1.7313818803734724,97.79391393868556,45.434134759032446,-9.801786090176927,0,0.020646572713781217
15WHQOQ2846R1Z7,54.89170803255007,75.0777771769963,87.77223353978553,10.503267673341202,1,53.20031733043105,2.6952544334480564,82.58882148420432,73.79555525990935,5.560926129663983,0,0.0
30OMWXB8889R1Z8,74.58079375584163,78.50719142678426,94.74042897775448,14.180925234448654,5,91.23716186735038,0.8702254592467784,71.51867416807222,70.01253546380607,-0.7853279951665222,0,0.0
37AIEGJ2432I1Z9,73.67358853902829,72.05511496656568,80.43427623706579,2.1375384618948767,0,64.61915552060965,2.568128257461304,71.18175501078458,42.93868785629175,9.776810826073262,0,0.012184360574595616
29EUBYU3655C1Z1,58.66009349550076,89.90437520705004,90.3404845767719,11.346244392578072,2,72.1959727253189,1.8790856061926915,87.21849598207031,34.17109681472006,-0.3353584824912978,0,0.012248328555436139
01QIYAY5827W1Z2,71.69258246189865,80.10881560369917,86.97195891987373,5.131255674027275,3,51.09566643875045,4.200715450334094,81.78685326679538,72.30515238003397,9.737918907765952,0,0.0
04OATWN2104S1Z3,69.92523671986868,69.2885078058727,78.01084810508264,19.2585375047516,1,65.05230389171565,0.7564042714881573,70.85957282732963,83.45845885452243,5.091387224114731,0,0.0
22MAMEZ8709T1Z4,80.79250490261083,95.98298293098271,96.35889959065474,9.670912934398494,2,75.13156213150653,2.383732737132485,87.4975717693767,66.63809596454058,-5.027902307733873,0,0.011602496867881815
10SYVVP4911W1Z5,81.75468254338219,75.35564885492846,93.92278064820783,16.119850995503164,4,52.80880386737195,2.5629414085914712,70.33907609767067,45.8740837723752,0.7678995857391531,0,0.0
30HYMOG9766O1Z6,52.26520048860223,81.74211444455955,89.75355503975277,11.004530843125234,3,74.55478646915826,3.762527343346034,93.6211587444782,76.65653836851244,9.842712789571657,0,0.0
29CBSLB4113M1Z7,68.73063073132356,96.25888443858187,95.51745187282724,0.8682506570963833,2,96.35553144292138,3.084294087905949,79.19298468110115,35.60740086267216,7.150612155038473,0,0.0
03CXQSM5634I1Z8,81.29299578571182,84.96951983655968,96.01882602879408,12.663027511880449,1,55.26966090539026,3.5024555173738148,71.20774009027696,60.92835933613682,-8.052662124175578,0,0.0
34ONZSK0740S1Z9,75.15681292900439,64.67592162833456,91.25088930145104,19.02806684413314,3,88.22203640377522,3.996721785432903,87.65056662949459,41.43567308788941,4.127439936199922,0,0.01554537827990023
04TRPGG8808K1Z1,92.82449205941612,97.593284944539,95.11039985091016,12.032236402926625,2,70.48355266879963,4.379913381461849,81.93053243299164,42.91213357419184,-3.088408282583739,0,0.0737678108474776
12AOVHQ1969H1Z2,82.93468158094726,85.10832212285672,90.92414385007852,16.383777188535802,1,82.7586857262169,1.912439735251117,99.21401240071448,44.160576441074255,-9.860354762393037,0,0.042882981160100975
25DREZM7148M1Z3,58.14672135407149,73.39622458628344,90.404223152809,17.684129266968156,0,63.01182989926147,2.921102174137564,86.32595987511107,57.06949399307845,-1.930380619460008,0,0.0
32SIFZI8456U1Z4,53.52843737002149,65.57088290653549,88.55834134645553,4.5615954389786495,0,57.97461312706791,4.2804863529764,78.25717543111026,33.58051439342783,-5.304911565500574,0,0.0
13UQKUH7484L1Z5,82.12096391031578,91.76100757081184,92.58149918672925,4.240896798164533,2,58.02313071356132,4.952530089342754,91.28316593901924,57.84554086503688,6.377385410409431,0,0.0
37YQNNE7118X1Z6,51.32556552708109,84.80291023714054,74.75815315879221,12.219619777019837,0,53.52459728215723,4.502836899696934,78.14476007628134,65.81952129802906,-3.25338782308469,0,0.0
09LRIZY8858C1Z7,79.28877906367316,81.33844367905286,96.42612277596784,8.220569396134094,1,59.28233524506215,2.171602681809696,97.12729874222696,63.83059994764277,6.550473879076343,0,0.0
30AOMUR2159V1Z8,97.01151207124788,95.7557033220383,96.15530583235696,16.797226057334406,0,83.21096924944841,1.378249327483927,81.2416591152213,56.79488702821284,-9.988041223304094,0,0.016135928016904475
05XPFGO8373K1Z9,78.77370889379395,91.54388844898122,70.87741849103678,18.000462467960222,0,94.0845305921754,2.702266418329649,86.49605688328616,88.74026256495267,-3.843616999477617,0,0.0
27GYORJ2687W1Z1,69.4084963103261,66.06699518931005,94.77450251694287,7.068427586054362,2,90.70628427955808,3.83738653326219,71.51719311472687,40.172868469435286,-5.176695713844762,0,0.025967325712058616
30EECSB2127S1Z2,82.16441092211767,72.46888271182193,73.86609602420336,4.737411179489641,2,84.25671549372422,2.71656081838984,82.78363713856692,65.39877206469617,-5.328652778627781,0,0.0766369456501289
29BSURT6289C1Z3,72.91264452457582,69.93956559257863,80.05356562777426,15.610510304877236,4,55.521593170555136,2.674313884911508,94.97090618982983,34.3428991869588,-8.636267604690746,0,0.0
10WRMHA9970S1Z4,77.28083946579675,89.75785170290708,92.30524768874824,5.496120710962722,4,64.45937231479749,4.272036894868103,94.16946416090026,34.980897521453684,-6.257514591789965,0,0.020085586104947074
05SFQFG8503X1Z5,97.07324043882626,61.341297389431176,74.82279688144925,16.45228637027357,0,65.49034376612344,2.1263170058023384,76.72955676560579,70.17060947739674,1.1109913977123966,0,0.03450719958555563
20NQJUO5341R1Z6,69.30513189003871,82.79558739485266,94.53901072357186,8.474765072975256,2,62.49784731988106,4.369076036652405,76.78237213031689,69.62128974214747,-4.17277854324511,0,0.0
32YLDFM8443Y1Z7,98.05952819119572,90.4983474296276,94.96402533873226,13.350997985829409,1,75.75028298548615,2.330621604282756,94.5191593663971,91.462345899112,-1.652104353417041,0,0.011204624090520839
18AFLAX4472H1Z8,95.26753209780318,95.07062547046998,85.22403201282509,1.910706276693364,2,76.77769074398363,1.977048975552528,97.91195260507976,69.05115729620512,-2.462662393056229,0,0.0006296200390897431
30CTOSF9879B1Z9,59.78955673946482,73.6832699486363,70.191576151505,12.47718649353146,1,67.84429875855551,2.5429546003986454,72.8608276381901,97.18537142833952,7.51809849999789,0,0.0048838049274415865
06EHFPZ2636Q1Z1,53.46806504375827,92.85029218688052,78.61114399524739,9.035353574744583,0,67.6894579368218,3.931011314036908,83.50175918278676,33.40863938799508,8.10597998021031,0,0.0
16QZELE7941I1Z2,55.038900068871335,64.42526947820829,88.50780755127226,11.732169263509482,4,91.42777989530408,1.0670091253879743,80.12362836892687,36.86053793465187,-0.1408605668827984,0,0.0012255087129471357
22LNQEF6984F1Z3,50.91109128257749,93.85809166938073,99.43558534082273,3.3602841548972684,4,89.46464241598429,1.3838864714240782,96.12065366372316,33.084610309926695,-3.396880993687912,0,0.024899914562272488
27LVBAW8875S1Z4,54.72214803779642,65.09954649327929,88.95440581050005,14.737474898883642,1,65.38979158403728,4.7815017154839135,72.50574744040057,42.9693795233478,-7.863985919952727,0,0.07255718038975209
26CKBRG7117I1Z5,84.15033867081785,75.89149162241469,77.7941074319248,17.25594155086457,1,95.68942219366296,1.2897123232161083,76.33377827674113,67.88890776591747,9.0680575876419,0,0.047963541304260345
34LTSYD0633R1Z6,53.55943242301145,91.89181463118214,89.02017109298833,4.334796001815513,3,97.6407508501253,3.054772930689745,92.57405012759484,75.19005269991996,-8.79546110199405,0,0.10765912287557783
30LGYBT3504P1Z7,65.94878151468806,65.99669709395096,86.19956139147567,1.9142911104032343,6,66.33712710150203,3.1069150999787203,71.53881546943647,33.19096105640681,-4.046994448634392,0,0.0
22JMCKV5805B1Z8,92.24376554847274,69.17005580930567,93.39536185453431,0.4727717209267279,1,67.72124743965274,2.7033100792261013,84.77606142142868,96.21796228919196,-4.038675976599917,0,0.04361603183603391
15BADRB0362Z1Z9,51.163596786791295,88.89010273572265,73.20941916480875,12.83943000886532,1,75.28170767109793,3.4013536185956834,83.2632110403916,88.95157636552668,-3.591974277195701,0,0.009167100286917588
07JKTCO5037T1Z1,90.72342412944678,88.80146146184298,92.83083707506084,12.141880721775616,3,97.05604062668368,1.534220266089283,80.03203536966245,50.76287375099652,-6.714263134551814,0,0.10949014666088362
19YVGEV6625R1Z2,64.09273873867,85.6459053154119,86.23799736028332,10.9339482542814,3,93.81597165711555,2.986980204995367,81.83716945956772,35.403127115852755,5.663228618473944,0,0.0
21XMWBL5578K1Z3,55.90824138108281,87.75793777868401,98.88976011576985,4.638941922319509,1,55.12839812917949,2.174779648611037,85.89821760790699,41.89209512533401,-7.550042760680215,0,0.0
11DHKOH8406E1Z4,84.83685826820754,81.70897773390385,80.25616498116058,7.818119918110293,2,69.63653716357081,3.4775026683313506,74.8410207516515,38.88610896284808,2.698133183063256,0,0.0
07HDHMP8285I1Z5,81.4471423389942,70.0719623562781,88.97865679401845,11.889526703723462,2,77.6685594874886,1.1355059451791725,87.15987634850778,38.62986455092628,-7.523079465883651,0,0.0
22HSKUA4146R1Z6,93.87360067635264,73.82783974015678,97.96084316530052,9.935337177183388,1,75.156623627577,3.068948375777643,94.1629698789996,66.29931820660138,-8.589287248140868,0,0.0
06RRPGS3686Z1Z7,86.75355219019428,67.26390867205703,73.07529183972038,19.755710404297744,2,59.69315339684464,1.333716599224957,92.80482789370475,47.20932097453802,8.188590073717531,0,0.0
01QBCGJ3742I1Z8,90.17404651924244,96.33802245334512,98.11685461709354,2.7287950511346626,2,92.94083855840772,1.7538937840176638,74.61699714081321,55.069780157040114,-6.1974246736258864,0,0.007519689323810382
19OTPBX9740H1Z9,64.10172862856533,83.33567179064482,90.6365716690244,13.902891080951877,2,83.84703914984186,1.4841941014561244,74.47748409224421,99.26537333690256,6.425003091194085,0,0.017087798788857973
12IKLQY9290Q1Z1,58.87197718898614,76.0340566705456,72.03511177315515,8.086375362085843,2,91.89541874259018,1.322770009409677,78.0452310323474,77.90199742477412,0.8926174221427168,0,0.09380854196079431
20EZOEJ0387Z1Z2,87.53073758204292,78.48023214576531,79.02890700840449,8.563992298512295,2,92.93821396747362,4.215699282023001,80.83224179023111,96.42864669329008,-8.442869607824608,0,0.04752119190930251
12FBMZD1003E1Z3,90.3417369633632,97.89133358447262,91.24516265935844,14.351955313163526,1,87.41779268328699,1.7856840544740065,82.25366744225448,39.978958852318094,9.10896382876135,0,0.0
08VTJRH6049B1Z4,99.52525710003366,66.13405612464321,72.02051804406315,13.848723026487392,1,71.96053006248587,4.672057018390022,90.39091650500036,56.74976323827985,-5.0607766601621496,0,0.0
25JKUGP9032W1Z5,70.63088384557133,83.44919328067189,87.4651138052882,19.825119874043764,5,80.52733775077122,4.864669364053359,71.70041296497506,68.83122622976481,7.19290690705213,0,0.02459595857532529
19PUUQZ4373U1Z6,68.60090428963916,80.23554715537864,80.3764917085887,2.5678857890825046,3,58.01827030598716,3.0706721147169382,71.04018112678199,35.37306433221166,-6.623799884308717,0,0.0
27JGXSD0237I1Z7,88.82064803709984,84.45816941738592,88.62746553302432,2.0821929876833267,3,83.68227087374538,1.1435050519957688,81.75731688831726,30.29312105395705,7.0788576428370575,0,0.09157293829271769
26KAUHY3672Q1Z8,67.0401770126509,60.72440735283362,71.37226101437538,14.486776342574824,1,58.96266278696404,2.185467095208116,90.91491076413942,76.93040336578423,-9.73542374189412,0,0.05897200603606435
20LNVNH9895B1Z9,96.53786628017824,94.88495635776606,96.14610418457129,11.567738340128182,2,84.69747952550784,4.089795185066963,75.80306028869448,74.92736617610048,0.235609131389614,0,0.0
06DDVLA3344Z1Z1,92.9206375921506,97.28473129934449,99.2046690753219,5.483213331196117,7,61.47990803769844,2.153258279136817,89.24513443768755,58.75521669997282,5.388851588431136,0,0.0
02KYPBR6510W1Z2,71.44970136875092,82.60532734356836,99.06633565857076,1.588387379779732,2,55.877565007511,0.8915774823625493,77.79484413820899,64.27508532224229,8.695910349855666,0,0.06769361870827065
01ZZPFK5228Z1Z3,87.54355338957487,87.8660329550757,92.48955495228772,1.7131649919286107,2,58.26422450714787,3.005532099176846,96.58258326440549,59.08101004144628,8.184042724129739,0,0.0
34TXLDQ4703Q1Z4,87.72714370423412,96.89997524709185,73.90258720391896,17.883817493282365,3,50.09960676095351,4.303043831732157,96.8706983279985,31.68035313914222,6.392497390952897,0,0.06189081559867309
