product_id,product_name,supplier_id,supplier_name,region,purchase_date,units_purchased,unit_cost,total_cost,delivery_time_days,qc_pass_rate,customer_rating_avg,damaged_on_arrival,complaint_count,units_returned,return_rate,supplier_score,supplier_rank
P1,Dawat Rice,S11,Zenith Global Exports,Mumbai,2025-05-14,849,11.86,10069.14,3,0.99,4.03,0.04,6,10,0.012,95.7235597731744,1.0
P1,Dawat Rice,S1,Martin-Mcdowell,Mumbai,2025-01-11,971,16.55,16070.05,6,0.97,4.41,0.0,2,62,0.064,94.11803726420550,2.0
P1,Dawat Rice,S11,Elite Distributors,Hyderabad,2025-01-26,879,29.9,26282.1,3,0.96,4.96,0.04,6,78,0.089,91.27811711607450,3.0
P1,Dawat Rice,S2,Nelson-Ramirez,Mumbai,2025-03-14,689,38.8,26733.2,7,0.98,3.78,0.0,6,25,0.036,88.16817035065390,4.0
P1,Dawat Rice,S11,Elite Distributors,Kolkata,2025-04-24,499,27.19,13567.81,8,0.94,4.34,0.02,5,77,0.154,87.79535933341050,5.0
P1,Dawat Rice,S3,"Bell, Gardner and Brown",Kolkata,2025-04-29,814,37.38,30427.32,7,0.93,3.86,0.01,5,35,0.043,87.17683601435020,6.0
P1,Dawat Rice,S3,Elite Distributors,Mumbai,2024-12-30,990,23.38,23146.2,3,0.91,3.17,0.05,9,84,0.085,86.18720171276470,7.0
P1,Dawat Rice,S11,Synthetic Supplier ,Kolkata,2025-05-28,360,40.01,14403.6,1,0.99,4.15,0.02,0,60,0.167,85.11811017243380,8.0
P1,Dawat Rice,S11,Elite Distributors,Hyderabad,2025-04-17,617,53.98,33305.66,2,0.95,3.46,0.01,2,9,0.015,83.47468811480150,9.0
P1,Dawat Rice,S11,Elite Distributors,Kolkata,2025-06-10,886,49.76,44087.36,2,0.9,4.39,0.05,7,86,0.097,83.13142691818080,10.0
P1,Dawat Rice,S11,Synthetic Supplier ,Hyderabad,2025-01-29,764,57.78,44143.92,4,0.91,3.96,0.01,9,35,0.046,82.16516028237470,11.0
P1,Dawat Rice,S11,Synthetic Supplier ,Hyderabad,2025-03-17,225,62.24,14004.0,8,0.87,3.89,0.01,6,8,0.036,80.22287235273700,12.0
P1,Dawat Rice,S4,Thornton Ltd,Kolkata,2025-06-02,406,64.58,26219.48,2,0.85,3.2,0.03,2,16,0.039,76.82126837171620,13.0
P1,Dawat Rice,S5,Bass Group,Hyderabad,2024-10-02,432,81.03,35004.96,1,0.92,3.17,0.03,4,22,0.051,74.31383867607920,14.0
P1,Dawat Rice,S11,Zenith Global Exports,Mumbai,2025-04-28,130,65.42,8504.6,6,1.0,3.64,0.02,5,72,0.554,66.34684642981140,15.0
P10,Tata Tea,S6,Elite Distributors,Hyderabad,2024-11-24,477,11.02,5256.54,8,0.92,3.11,0.01,8,33,0.069,89.99798171507930,1.0
P10,Tata Tea,S11,Synthetic Supplier ,Ahmedabad,2025-02-19,880,27.25,23980.0,4,0.92,3.53,0.02,3,35,0.04,88.27147205184590,2.0
P10,Tata Tea,S11,Elite Distributors,Hyderabad,2025-01-13,572,33.31,19053.32,6,0.92,4.91,0.03,0,92,0.161,87.27885661381790,3.0
P10,Tata Tea,S7,Flores-Cook,Ahmedabad,2025-01-28,514,36.38,18699.32,1,0.98,3.03,0.0,5,10,0.019,86.98829070709410,4.0
P10,Tata Tea,S8,Thompson Group,Bengaluru,2025-04-20,813,43.1,35040.3,9,0.94,4.27,0.03,10,62,0.076,86.14291517185510,5.0
P10,Tata Tea,S11,Elite Distributors,Hyderabad,2025-04-24,959,41.15,39462.85,8,0.9,3.94,0.02,2,60,0.063,85.09425182270570,6.0
P10,Tata Tea,S11,Zenith Global Exports,Bengaluru,2025-06-01,804,29.39,23629.56,5,0.92,3.05,0.0,2,98,0.122,84.07615900937390,7.0
P10,Tata Tea,S11,Elite Distributors,Kolkata,2025-02-20,646,34.84,22506.64,7,0.92,3.05,0.03,5,53,0.082,83.71473093391970,8.0
P10,Tata Tea,S11,Zenith Global Exports,Ahmedabad,2025-01-04,630,44.88,28274.4,7,0.9,3.38,0.03,5,14,0.022,83.68092581877100,9.0
P10,Tata Tea,S11,Elite Distributors,Hyderabad,2025-05-04,612,40.8,24969.6,7,0.95,3.38,0.04,8,56,0.092,83.67526096516610,10.0
P10,Tata Tea,S11,Zenith Global Exports,Kolkata,2025-06-02,545,60.9,33190.5,8,0.85,4.71,0.02,9,16,0.029,82.60302164101380,11.0
P10,Tata Tea,S11,Elite Distributors,Kolkata,2025-03-20,669,32.05,21441.45,2,0.88,3.13,0.03,0,94,0.141,81.83048952667520,12.0
P10,Tata Tea,S11,Synthetic Supplier ,Bengaluru,2025-05-28,309,46.22,14281.98,6,0.95,3.02,0.0,2,29,0.094,81.68077653049410,13.0
P10,Tata Tea,S9,Bond-Adkins,Ahmedabad,2024-12-11,378,54.25,20506.5,6,0.92,3.35,0.02,5,34,0.09,79.98219534776070,14.0
P10,Tata Tea,S11,Zenith Global Exports,Bengaluru,2025-04-09,239,29.69,7095.91,9,0.88,3.71,0.05,0,81,0.339,77.97672260155080,15.0
P10,Tata Tea,S10,"Terry, Smith and Weber",Kolkata,2025-04-08,206,76.38,15734.28,10,0.92,3.45,0.02,8,6,0.029,76.99010299733830,16.0
P10,Tata Tea,S5,Bass Group,Kolkata,2024-07-07,949,83.54,79279.46,7,0.89,3.34,0.03,4,1,0.001,74.99288739729200,17.0
P10,Tata Tea,S11,Zenith Global Exports,Hyderabad,2025-01-04,287,64.46,18500.02,3,1.0,3.77,0.04,9,84,0.293,74.58904293484550,18.0
P10,Tata Tea,S11,Elite Distributors,Ahmedabad,2025-04-09,144,36.95,5320.8,6,0.95,3.1,0.05,8,62,0.431,73.45636153223010,19.0
P10,Tata Tea,S11,Synthetic Supplier ,Bengaluru,2025-03-13,234,65.07,15226.38,3,0.86,3.39,0.03,6,41,0.175,73.44785557227170,20.0
P11,Oreo Biscuit,S8,Elite Distributors,Delhi NCR,2024-07-02,420,21.22,8912.4,5,0.99,4.74,0.03,5,9,0.021,95.51714384909150,1.0
P11,Oreo Biscuit,S8,Thompson Group,Mumbai,2024-08-10,921,11.39,10490.19,4,0.99,3.86,0.05,4,20,0.022,94.92234347876400,2.0
P11,Oreo Biscuit,S6,Elite Distributors,Ahmedabad,2024-07-22,710,13.29,9435.9,2,0.92,4.13,0.0,0,19,0.027,93.89257956255060,3.0
P11,Oreo Biscuit,S11,Synthetic Supplier ,Kolkata,2025-06-17,611,13.6,8309.6,5,0.99,4.24,0.02,8,83,0.136,92.43082860780000,4.0
P11,Oreo Biscuit,S11,Elite Distributors,Kolkata,2025-06-01,824,24.04,19808.96,8,0.95,3.91,0.0,6,45,0.055,90.65444161555380,5.0
P11,Oreo Biscuit,S11,Zenith Global Exports,Hyderabad,2025-01-03,958,10.32,9886.56,8,0.87,3.23,0.01,9,39,0.041,90.11,6.0
P11,Oreo Biscuit,S11,Synthetic Supplier ,Ahmedabad,2025-04-14,175,20.22,3538.5,3,0.93,4.5,0.03,0,29,0.166,89.17859854183540,7.0
P11,Oreo Biscuit,S4,Thornton Ltd,Hyderabad,2025-05-28,373,20.86,7780.78,1,0.92,3.41,0.02,4,19,0.051,89.06046753847930,8.0
P11,Oreo Biscuit,S1,Martin-Mcdowell,Hyderabad,2025-04-06,822,26.61,21873.42,7,0.88,3.74,0.02,6,19,0.023,88.55960305520200,9.0
P11,Oreo Biscuit,S11,Synthetic Supplier ,Chennai,2025-04-20,562,20.35,11436.7,1,0.9,4.02,0.02,6,67,0.119,88.46850943177870,10.0
P11,Oreo Biscuit,S11,Elite Distributors,Bengaluru,2025-02-07,256,21.53,5511.68,9,0.87,3.28,0.0,0,8,0.031,88.06539289434090,11.0
P11,Oreo Biscuit,S6,"Murphy, Aguilar and Zimmerman",Kolkata,2025-05-06,153,35.98,5504.94,6,0.9,4.44,0.01,1,10,0.065,87.83087258419160,12.0
P11,Oreo Biscuit,S11,Synthetic Supplier ,Delhi NCR,2025-02-22,858,47.66,40892.28,2,0.99,4.27,0.05,9,39,0.045,87.06748177294290,13.0
P11,Oreo Biscuit,S8,Thompson Group,Bengaluru,2025-01-24,720,42.35,30492.0,9,0.89,4.62,0.04,1,49,0.068,86.25650619141300,14.0
P11,Oreo Biscuit,S11,Zenith Global Exports,Ahmedabad,2025-05-24,953,24.64,23481.92,2,0.87,3.27,0.04,1,64,0.067,85.8355687999074,15.0
P11,Oreo Biscuit,S11,Synthetic Supplier ,Mumbai,2025-04-16,324,40.56,13141.44,8,0.98,3.68,0.01,0,31,0.096,85.5608100914246,16.0
P11,Oreo Biscuit,S3,"Bell, Gardner and Brown",Delhi NCR,2025-03-10,786,40.08,31502.88,9,0.97,3.21,0.0,1,54,0.069,84.92190834394170,17.0
P11,Oreo Biscuit,S11,Synthetic Supplier ,Chennai,2025-06-16,635,39.5,25082.5,4,0.89,3.45,0.01,7,23,0.036,84.66615206573310,18.0
P11,Oreo Biscuit,S11,Zenith Global Exports,Ahmedabad,2025-06-03,927,40.15,37219.05,9,0.88,3.52,0.02,3,57,0.061,83.62570651544960,19.0
P11,Oreo Biscuit,S11,Elite Distributors,Bengaluru,2025-05-24,691,48.17,33285.47,8,0.96,3.71,0.02,5,76,0.11,82.86943987964360,20.0
P12,Garnier Facewash,S11,Synthetic Supplier ,Chennai,2025-04-24,708,22.1,15646.8,2,0.98,4.58,0.0,6,5,0.007,95.30346371947690,1.0
P12,Garnier Facewash,S7,Flores-Cook,Hyderabad,2025-03-24,506,18.95,9588.7,1,0.89,4.44,0.04,6,1,0.002,93.11254600162020,2.0
P12,Garnier Facewash,S2,Nelson-Ramirez,Chennai,2025-03-04,448,17.64,7902.72,5,1.0,3.75,0.02,9,44,0.098,91.4157516491147,3.0
P12,Garnier Facewash,S11,Zenith Global Exports,Hyderabad,2025-01-18,622,34.49,21452.78,4,0.98,4.76,0.03,1,65,0.105,89.73574007638010,4.0
P12,Garnier Facewash,S11,Synthetic Supplier ,Bengaluru,2025-04-14,436,21.56,9400.16,7,0.93,3.71,0.02,1,36,0.083,89.08844925355860,5.0
P12,Garnier Facewash,S10,"Terry, Smith and Weber",Bengaluru,2025-01-31,314,20.98,6587.72,5,0.92,3.07,0.05,10,4,0.013,88.85269297535010,6.0
P12,Garnier Facewash,S4,Thornton Ltd,Hyderabad,2024-10-31,529,45.32,23974.28,10,0.97,3.88,0.02,2,26,0.049,86.11908575396370,7.0
P12,Garnier Facewash,S11,Synthetic Supplier ,Bengaluru,2025-01-24,435,45.2,19662.0,1,0.98,4.85,0.02,5,91,0.209,84.50686031709290,8.0
P12,Garnier Facewash,S11,Zenith Global Exports,Bengaluru,2025-05-29,185,41.17,7616.45,5,0.96,4.21,0.01,5,44,0.238,82.24962272885080,9.0
P12,Garnier Facewash,S6,"Murphy, Aguilar and Zimmerman",Chennai,2024-10-12,370,51.05,18888.5,1,0.97,3.4,0.03,7,34,0.092,81.96285036454110,10.0
P12,Garnier Facewash,S5,Bass Group,Hyderabad,2024-11-23,471,75.54,35579.34,5,0.92,4.38,0.02,2,13,0.028,80.00452493924310,11.0
P12,Garnier Facewash,S10,"Terry, Smith and Weber",Hyderabad,2024-11-21,665,66.51,44229.15,9,0.86,4.75,0.05,6,58,0.087,79.63456081472050,12.0
P12,Garnier Facewash,S4,Thornton Ltd,Chennai,2024-10-06,707,72.46,51229.22,2,0.93,3.5,0.02,7,64,0.091,76.43740539289430,13.0
P12,Garnier Facewash,S9,Bond-Adkins,Chennai,2025-04-04,751,79.25,59516.75,4,0.88,3.65,0.02,9,32,0.043,75.50582802916330,14.0
P12,Garnier Facewash,S2,Nelson-Ramirez,Bengaluru,2025-05-18,940,86.6,81404.0,4,0.9,3.34,0.03,3,3,0.003,74.47463603749570,15.0
P13,Surf Excel Detergent,S1,Martin-Mcdowell,Chennai,2025-02-18,106,12.39,1313.34,6,0.94,4.88,0.03,4,6,0.057,95.65088878602010,1.0
P13,Surf Excel Detergent,S11,Elite Distributors,Mumbai,2025-01-27,738,23.11,17055.18,8,0.94,4.16,0.03,1,43,0.058,90.97969447980560,2.0
P13,Surf Excel Detergent,S11,PrimeMart Supplies,Bengaluru,2025-04-03,610,17.66,10772.6,3,0.97,3.64,0.03,3,45,0.074,90.9511225552598,3.0
P13,Surf Excel Detergent,S11,Elite Distributors,Delhi NCR,2025-01-21,132,17.72,2339.04,8,0.97,3.5,0.02,3,13,0.098,89.89723527369520,4.0
P13,Surf Excel Detergent,S11,PrimeMart Supplies,Delhi NCR,2025-06-19,542,19.59,10617.78,9,0.98,4.02,0.03,7,81,0.149,89.64441499826410,5.0
P13,Surf Excel Detergent,S8,Thompson Group,Mumbai,2024-08-04,564,28.89,16293.96,6,0.98,3.41,0.01,2,23,0.041,89.10188635574590,6.0
P13,Surf Excel Detergent,S11,Elite Distributors,Bengaluru,2025-05-26,716,14.93,10689.88,1,0.92,3.73,0.04,7,88,0.123,89.03299386645060,7.0
P13,Surf Excel Detergent,S11,Synthetic Supplier ,Chennai,2025-04-29,767,38.94,29866.98,2,0.89,3.84,0.03,2,32,0.042,85.58576669366970,8.0
P13,Surf Excel Detergent,S11,PrimeMart Supplies,Mumbai,2025-03-20,299,43.49,13003.51,5,0.91,4.14,0.05,3,26,0.087,84.38264784168500,9.0
P13,Surf Excel Detergent,S11,Synthetic Supplier ,Chennai,2025-01-06,761,53.2,40485.2,7,0.86,4.51,0.04,9,14,0.018,84.16522277514180,10.0
P13,Surf Excel Detergent,S10,"Terry, Smith and Weber",Delhi NCR,2024-07-10,324,35.28,11430.72,3,0.93,3.28,0.04,8,31,0.096,84.03289086911240,11.0
P13,Surf Excel Detergent,S11,Synthetic Supplier ,Mumbai,2025-03-24,849,50.7,43044.3,9,0.96,4.1,0.02,2,88,0.104,83.6338595070015,12.0
P13,Surf Excel Detergent,S7,Flores-Cook,Ahmedabad,2025-03-10,683,72.18,49298.94,4,0.91,4.87,0.01,9,5,0.007,82.73221270686260,13.0
P13,Surf Excel Detergent,S11,Synthetic Supplier ,Mumbai,2025-02-23,665,63.23,42047.95,7,0.95,4.06,0.01,9,51,0.077,81.27373220692050,14.0
P13,Surf Excel Detergent,S1,Martin-Mcdowell,Bengaluru,2024-12-16,509,46.81,23826.29,4,0.88,3.31,0.01,2,41,0.081,80.95421826177530,15.0
P13,Surf Excel Detergent,S4,Thornton Ltd,Ahmedabad,2024-12-29,439,65.35,28688.65,1,1.0,3.28,0.03,1,16,0.036,80.72304825830340,16.0
P13,Surf Excel Detergent,S11,PrimeMart Supplies,Bengaluru,2025-03-17,717,65.55,46999.35,5,0.87,4.82,0.03,0,68,0.095,80.27675731975470,17.0
P13,Surf Excel Detergent,S11,Synthetic Supplier ,Bengaluru,2025-06-16,310,52.99,16426.9,7,0.94,3.24,0.02,3,34,0.11,79.84382826061800,18.0
P13,Surf Excel Detergent,S7,Flores-Cook,Delhi NCR,2025-03-31,665,63.32,42107.8,5,0.86,4.22,0.01,10,46,0.069,79.72290128457350,19.0
P13,Surf Excel Detergent,S11,Synthetic Supplier ,Ahmedabad,2025-02-28,108,22.37,2415.96,5,0.96,4.24,0.02,5,58,0.537,77.62097095243610,20.0
P14,Britania marrie biscuit,S4,Thornton Ltd,Bengaluru,2024-10-27,438,20.58,9014.04,6,0.95,4.49,0.03,7,17,0.039,93.37527485244760,1.0
P14,Britania marrie biscuit,S11,Elite Distributors,Mumbai,2025-04-16,257,20.86,5361.02,7,0.98,4.6,0.02,7,24,0.093,92.87046753847940,2.0
P14,Britania marrie biscuit,S11,Synthetic Supplier ,Ahmedabad,2025-01-21,979,34.5,33775.5,7,0.99,4.84,0.0,7,30,0.031,92.74342552945260,3.0
P14,Britania marrie biscuit,S11,Elite Distributors,Bengaluru,2025-03-02,957,22.6,21628.2,5,0.99,3.67,0.05,6,8,0.008,92.17773637310500,4.0
P14,Britania marrie biscuit,S4,Thornton Ltd,Chennai,2024-10-11,109,33.87,3691.83,2,0.89,4.95,0.02,1,2,0.018,90.90924198588130,5.0
P14,Britania marrie biscuit,S11,Synthetic Supplier ,Delhi NCR,2025-06-06,925,32.27,29849.75,2,0.91,4.85,0.04,0,64,0.069,89.74956949427150,6.0
P14,Britania marrie biscuit,S11,PrimeMart Supplies,Hyderabad,2025-05-10,866,22.68,19640.88,3,0.9,3.24,0.02,1,25,0.029,88.28921999768550,7.0
P14,Britania marrie biscuit,S11,Synthetic Supplier ,Delhi NCR,2025-04-17,489,27.13,13266.57,9,0.92,3.8,0.02,0,39,0.08,87.90924661497510,8.0
P14,Britania marrie biscuit,S3,"Bell, Gardner and Brown",Mumbai,2025-01-27,385,35.64,13721.4,8,0.86,4.22,0.03,3,4,0.01,87.69956717972460,9.0
P14,Britania marrie biscuit,S11,Synthetic Supplier ,Mumbai,2025-03-25,713,31.22,22259.86,3,0.97,3.2,0.02,4,32,0.045,87.46259692165260,10.0
P14,Britania marrie biscuit,S7,Flores-Cook,Mumbai,2024-08-31,243,28.15,6840.45,1,0.87,3.33,0.04,0,9,0.037,86.10316282837630,11.0
P14,Britania marrie biscuit,S8,Thompson Group,Chennai,2024-08-02,438,43.72,19149.36,9,0.94,4.01,0.04,7,26,0.059,85.62941326235390,12.0
P14,Britania marrie biscuit,S11,Synthetic Supplier ,Ahmedabad,2025-03-18,942,49.09,46242.78,9,0.9,4.76,0.05,6,90,0.096,84.42650156231920,13.0
P14,Britania marrie biscuit,S8,Thompson Group,Delhi NCR,2024-07-18,793,35.79,28381.47,3,0.94,3.06,0.0,9,72,0.091,84.05484897581300,14.0
P14,Britania marrie biscuit,S11,Synthetic Supplier ,Chennai,2025-03-16,855,56.15,48008.25,8,0.99,4.19,0.03,5,78,0.091,83.68243143154730,15.0
P14,Britania marrie biscuit,S10,"Terry, Smith and Weber",Hyderabad,2025-03-16,994,58.37,58019.78,7,0.99,3.69,0.02,0,36,0.036,83.4186020136558,16.0
P14,Britania marrie biscuit,S11,Synthetic Supplier ,Delhi NCR,2025-06-16,331,53.0,17543.0,7,0.94,4.01,0.05,8,20,0.06,83.35151371369050,17.0
P14,Britania marrie biscuit,S11,Synthetic Supplier ,Mumbai,2025-06-23,664,59.01,39182.64,5,0.96,4.79,0.01,3,89,0.134,82.98047101029970,18.0
P14,Britania marrie biscuit,S11,PrimeMart Supplies,Hyderabad,2025-06-28,782,65.81,51463.42,5,0.96,4.1,0.02,7,21,0.027,82.44657909964120,19.0
P14,Britania marrie biscuit,S3,"Bell, Gardner and Brown",Chennai,2025-05-18,350,62.82,21987.0,9,0.96,3.86,0.01,6,11,0.031,82.3986286309455,20.0
P15,Dove shampoo,S7,Flores-Cook,Delhi NCR,2025-06-22,638,13.3,8485.4,8,0.89,4.43,0.04,0,18,0.028,93.6102650156232,1.0
P15,Dove shampoo,S10,"Terry, Smith and Weber",Ahmedabad,2024-08-23,445,20.63,9180.35,7,0.95,4.26,0.04,4,26,0.058,92.00370211781040,2.0
P15,Dove shampoo,S1,Martin-Mcdowell,Ahmedabad,2024-07-03,138,11.66,1609.08,1,0.99,3.24,0.03,5,13,0.094,91.03985071172320,3.0
P15,Dove shampoo,S11,PrimeMart Supplies,Mumbai,2025-05-17,437,24.46,10689.02,8,0.97,4.61,0.03,3,64,0.146,90.12723064460130,4.0
P15,Dove shampoo,S11,Synthetic Supplier ,Mumbai,2025-03-31,789,14.57,11495.73,2,0.99,3.12,0.0,7,92,0.117,89.61631755583850,5.0
P15,Dove shampoo,S11,PrimeMart Supplies,Delhi NCR,2025-01-02,614,15.97,9805.58,7,0.86,4.16,0.0,0,72,0.117,89.16228098599700,6.0
P15,Dove shampoo,S11,Elite Distributors,Hyderabad,2025-04-30,890,20.63,18360.7,4,0.87,3.85,0.04,8,43,0.048,89.07370211781040,7.0
P15,Dove shampoo,S7,Flores-Cook,Chennai,2025-03-09,244,32.92,8032.48,4,0.95,4.52,0.03,10,23,0.094,88.95912394398800,8.0
P15,Dove shampoo,S11,Synthetic Supplier ,Hyderabad,2025-05-22,543,13.51,7335.93,3,0.98,3.31,0.01,1,98,0.18,88.19165953014700,9.0
P15,Dove shampoo,S11,Synthetic Supplier ,Delhi NCR,2025-05-27,696,37.25,25926.0,6,0.87,4.41,0.04,9,15,0.022,87.6869251244069,10.0
P15,Dove shampoo,S11,Elite Distributors,Hyderabad,2025-05-05,428,36.31,15540.68,6,0.87,4.86,0.01,3,46,0.107,87.00449253558620,11.0
P15,Dove shampoo,S8,Thompson Group,Hyderabad,2025-04-26,155,45.69,7081.95,4,0.94,4.72,0.05,8,11,0.071,86.84344751764840,12.0
P15,Dove shampoo,S11,Synthetic Supplier ,Chennai,2025-04-26,141,27.09,3819.69,2,0.91,4.33,0.01,5,24,0.17,86.65850480268490,13.0
P15,Dove shampoo,S10,"Terry, Smith and Weber",Ahmedabad,2025-05-31,190,28.71,5454.9,7,0.85,3.36,0.03,1,7,0.037,85.66354820043980,14.0
P15,Dove shampoo,S11,PrimeMart Supplies,Delhi NCR,2025-03-24,215,18.28,3930.2,2,0.93,3.2,0.04,6,40,0.186,85.02762064575860,15.0
P15,Dove shampoo,S11,Quantum Traders,Mumbai,2025-01-14,841,47.85,40241.85,6,0.96,4.12,0.01,4,90,0.107,84.3635053813216,16.0
P15,Dove shampoo,S11,PrimeMart Supplies,Hyderabad,2025-06-26,246,44.67,10988.82,3,0.85,4.93,0.02,9,31,0.126,84.1095313042472,17.0
P15,Dove shampoo,S5,Bass Group,Delhi NCR,2025-01-22,195,48.18,9395.1,5,0.99,3.22,0.02,3,12,0.062,83.58712533271610,18.0
P15,Dove shampoo,S11,BrightPath Wholesale,Ahmedabad,2025-06-03,687,41.1,28235.7,1,0.94,3.24,0.04,8,70,0.102,82.6358245573429,19.0
P15,Dove shampoo,S11,Synthetic Supplier ,Mumbai,2025-05-06,919,54.02,49644.38,4,0.98,3.55,0.02,6,69,0.075,82.58542992709180,20.0
P16,Taj Tea,S11,Quantum Traders,Bengaluru,2025-04-20,805,11.34,9128.7,6,0.9,4.27,0.04,7,57,0.071,92.54391621340120,1.0
P16,Taj Tea,S1,Martin-Mcdowell,Bengaluru,2024-07-25,878,23.24,20404.72,1,0.99,3.98,0.01,3,34,0.039,92.42960536974890,2.0
P16,Taj Tea,S9,Bond-Adkins,Mumbai,2025-05-25,331,32.18,10651.58,3,0.97,4.6,0.03,2,4,0.012,92.33040041661850,3.0
P16,Taj Tea,S11,Synthetic Supplier ,Bengaluru,2025-03-04,535,27.33,14621.55,4,0.95,4.42,0.01,0,16,0.03,92.07295567642630,4.0
P16,Taj Tea,S11,Quantum Traders,Chennai,2025-02-10,124,31.46,3901.04,8,0.93,4.59,0.03,7,5,0.04,90.62704779539400,5.0
P16,Taj Tea,S2,Nelson-Ramirez,Kolkata,2025-02-06,621,26.37,16375.77,5,0.9,4.79,0.02,6,53,0.085,90.4051521814605,6.0
P16,Taj Tea,S10,"Terry, Smith and Weber",Kolkata,2024-12-23,518,22.06,11427.08,6,0.85,4.51,0.03,5,42,0.081,89.33272190718670,7.0
P16,Taj Tea,S2,Nelson-Ramirez,Chennai,2025-05-11,133,43.88,5836.04,4,0.97,4.97,0.01,4,11,0.083,88.80238051151490,8.0
P16,Taj Tea,S9,Bond-Adkins,Kolkata,2025-05-29,967,22.68,21931.56,2,0.88,4.0,0.02,5,71,0.073,88.74921999768540,9.0
P16,Taj Tea,S11,BrightPath Wholesale,Kolkata,2025-01-19,129,21.77,2808.33,4,0.86,3.93,0.02,0,13,0.101,87.40984376808240,10.0
P16,Taj Tea,S11,BrightPath Wholesale,Mumbai,2025-04-03,841,51.86,43614.26,7,1.0,3.79,0.04,3,29,0.034,85.33537206341860,11.0
P16,Taj Tea,S4,Thornton Ltd,Mumbai,2025-04-23,876,43.86,38421.36,4,0.86,4.55,0.03,7,82,0.094,84.26700960536980,12.0
P16,Taj Tea,S6,BrightPath Wholesale,Kolkata,2024-10-13,552,46.07,25430.64,7,0.93,3.31,0.01,4,13,0.024,84.08549473440570,13.0
P16,Taj Tea,S6,"Murphy, Aguilar and Zimmerman",Mumbai,2025-01-26,517,51.64,26697.88,5,0.9,4.5,0.03,0,44,0.085,83.58629209582220,14.0
P16,Taj Tea,S11,BrightPath Wholesale,Chennai,2025-06-06,519,58.07,30138.33,4,0.91,4.33,0.02,5,34,0.066,82.508038421479,15.0
P16,Taj Tea,S1,Martin-Mcdowell,Bengaluru,2025-03-24,175,55.53,9717.75,2,0.94,3.04,0.04,5,4,0.023,81.06593334104850,16.0
P16,Taj Tea,S11,Synthetic Supplier ,Chennai,2025-03-21,192,36.2,6950.4,7,0.88,3.31,0.01,1,40,0.208,79.599952551788,17.0
P16,Taj Tea,S11,Synthetic Supplier ,Mumbai,2025-03-27,521,66.47,34630.87,9,0.89,4.16,0.01,0,63,0.121,78.00381900243030,18.0
P16,Taj Tea,S11,Quantum Traders,Chennai,2025-03-02,172,58.45,10053.4,5,0.92,4.38,0.01,9,68,0.395,73.05008563823630,19.0
P16,Taj Tea,S11,Synthetic Supplier ,Bengaluru,2025-03-03,383,69.65,26675.95,8,0.88,3.14,0.03,7,81,0.211,71.05779307950470,20.0
P17,Lux Soap,S11,BrightPath Wholesale,Ahmedabad,2025-01-29,906,23.68,21454.08,9,0.98,4.6,0.03,2,50,0.055,93.25776530494160,1.0
P17,Lux Soap,S11,Quantum Traders,Delhi NCR,2025-06-16,233,14.34,3341.22,3,0.95,3.65,0.05,6,10,0.043,91.97955213516950,2.0
P17,Lux Soap,S2,Nelson-Ramirez,Bengaluru,2024-11-11,730,15.18,11081.4,9,0.93,3.88,0.04,7,59,0.081,90.93513019326470,3.0
P17,Lux Soap,S9,Bond-Adkins,Mumbai,2025-04-30,385,30.51,11746.35,8,0.91,4.64,0.04,3,34,0.088,88.95692975350080,4.0
P17,Lux Soap,S11,Synthetic Supplier ,Kolkata,2025-02-03,566,41.71,23607.86,9,0.97,4.13,0.02,3,22,0.039,88.00463719476910,5.0
P17,Lux Soap,S11,Quantum Traders,Delhi NCR,2025-05-15,632,29.54,18669.28,5,0.91,3.57,0.01,1,37,0.059,87.14144080546230,6.0
P17,Lux Soap,S11,BrightPath Wholesale,Delhi NCR,2025-03-12,485,43.57,21131.45,4,0.94,3.76,0.04,6,8,0.016,86.20413146626550,7.0
P17,Lux Soap,S11,BrightPath Wholesale,Bengaluru,2025-03-27,273,67.81,18512.13,3,0.99,4.69,0.04,1,2,0.007,84.90366971415350,8.0
P17,Lux Soap,S11,Quantum Traders,Bengaluru,2025-04-10,514,45.68,23479.52,3,0.85,4.32,0.02,5,23,0.045,84.47576206457590,9.0
P17,Lux Soap,S11,Synthetic Supplier ,Bengaluru,2025-01-03,970,41.53,40284.1,4,0.93,3.23,0.04,4,74,0.076,83.03629903946300,10.0
P17,Lux Soap,S11,Quantum Traders,Bengaluru,2025-05-27,833,53.34,44432.22,5,0.98,3.47,0.0,1,82,0.098,82.01281911815760,11.0
P17,Lux Soap,S11,Synthetic Supplier ,Mumbai,2025-05-28,680,58.77,39963.6,4,0.86,4.62,0.0,0,56,0.082,81.68602013655830,12.0
P17,Lux Soap,S4,Thornton Ltd,Kolkata,2025-03-15,709,47.76,33861.84,6,0.89,3.71,0.04,7,64,0.09,81.61433630366860,13.0
P17,Lux Soap,S11,Synthetic Supplier ,Ahmedabad,2025-05-16,342,63.95,21870.9,7,0.96,4.54,0.01,3,44,0.129,81.23708482814490,14.0
P17,Lux Soap,S11,Quantum Traders,Delhi NCR,2025-03-25,841,59.82,50308.62,9,0.91,4.06,0.03,1,57,0.068,81.13299270917720,15.0
P17,Lux Soap,S11,Synthetic Supplier ,Kolkata,2025-03-18,950,68.66,65227.0,9,0.97,3.98,0.04,2,54,0.057,80.57693322532110,16.0
P17,Lux Soap,S4,Thornton Ltd,Delhi NCR,2025-05-25,298,66.17,19718.66,6,0.91,4.1,0.02,5,23,0.077,79.61325541025340,17.0
P17,Lux Soap,S11,Synthetic Supplier ,Kolkata,2025-03-20,730,66.0,48180.0,9,0.95,3.82,0.01,1,64,0.088,79.58260270801990,18.0
P17,Lux Soap,S6,"Murphy, Aguilar and Zimmerman",Mumbai,2024-11-19,443,75.35,33380.05,2,1.0,4.03,0.02,3,43,0.097,78.92850133086450,19.0
P17,Lux Soap,S11,Quantum Traders,Ahmedabad,2025-05-05,128,47.38,6064.64,7,0.95,4.61,0.04,5,45,0.352,78.04228908691120,20.0
P18,Cadbury Dairy Milk,S7,Flores-Cook,Ahmedabad,2024-07-05,151,14.63,2209.13,9,0.89,4.82,0.01,0,2,0.013,95.22243027427380,1.0
P18,Cadbury Dairy Milk,S11,Synthetic Supplier ,Ahmedabad,2025-04-04,553,23.84,13183.52,5,1.0,4.77,0.05,1,23,0.042,94.42073255410250,2.0
P18,Cadbury Dairy Milk,S3,UrbanKart Distributors,Chennai,2025-05-08,380,16.64,6323.2,1,0.93,4.94,0.03,0,35,0.092,93.54720634185860,3.0
P18,Cadbury Dairy Milk,S5,Bass Group,Kolkata,2025-02-12,732,11.81,8644.92,2,0.9,3.42,0.02,3,36,0.049,90.7451325078116,4.0
P18,Cadbury Dairy Milk,S11,Synthetic Supplier ,Delhi NCR,2025-05-27,911,33.02,30081.22,6,0.95,4.33,0.02,8,21,0.023,90.59597847471360,5.0
P18,Cadbury Dairy Milk,S1,Martin-Mcdowell,Kolkata,2025-02-19,262,11.3,2960.6,8,0.87,3.09,0.0,7,8,0.031,89.86317440111100,6.0
P18,Cadbury Dairy Milk,S9,Bond-Adkins,Chennai,2024-12-31,700,23.65,16555.0,4,0.9,3.5,0.04,3,42,0.06,87.71470894572390,7.0
P18,Cadbury Dairy Milk,S11,Synthetic Supplier ,Hyderabad,2025-04-28,645,33.82,21813.9,9,0.96,4.03,0.01,7,69,0.107,87.34081472051850,8.0
P18,Cadbury Dairy Milk,S11,BrightPath Wholesale,Delhi NCR,2025-03-22,280,13.87,3883.6,7,0.92,4.64,0.04,0,79,0.282,87.23833584075920,9.0
P18,Cadbury Dairy Milk,S5,Bass Group,Hyderabad,2024-11-23,565,41.55,23475.75,2,0.94,3.78,0.02,5,16,0.028,86.57166994560810,10.0
P18,Cadbury Dairy Milk,S11,UrbanKart Distributors,Hyderabad,2025-06-26,432,16.42,7093.44,3,0.92,3.82,0.01,0,98,0.227,86.13812637426220,11.0
P18,Cadbury Dairy Milk,S11,Synthetic Supplier ,Ahmedabad,2025-01-30,812,59.12,48005.44,4,1.0,4.32,0.0,7,26,0.032,85.7050109940979,12.0
P18,Cadbury Dairy Milk,S4,Thornton Ltd,Hyderabad,2025-05-13,919,44.94,41299.86,10,0.95,3.92,0.03,3,62,0.067,85.18703853720630,13.0
P18,Cadbury Dairy Milk,S9,Bond-Adkins,Delhi NCR,2025-02-22,830,30.59,25389.7,5,0.86,3.58,0.01,6,83,0.1,84.44841337808120,14.0
P18,Cadbury Dairy Milk,S11,Synthetic Supplier ,Ahmedabad,2025-02-15,289,54.17,15655.13,7,0.87,4.05,0.03,8,1,0.003,83.36071172318020,15.0
P18,Cadbury Dairy Milk,S10,"Terry, Smith and Weber",Hyderabad,2025-03-12,192,52.44,10068.48,7,0.91,3.7,0.05,0,8,0.042,82.34112834162710,16.0
P18,Cadbury Dairy Milk,S11,UrbanKart Distributors,Kolkata,2025-05-13,399,51.07,20376.93,2,0.91,3.15,0.05,1,7,0.018,81.72822127068630,17.0
P18,Cadbury Dairy Milk,S5,Bass Group,Chennai,2025-05-10,629,83.15,52301.35,4,0.99,4.97,0.04,1,15,0.024,81.68315472746210,18.0
P18,Cadbury Dairy Milk,S11,UrbanKart Distributors,Ahmedabad,2025-06-07,621,43.49,27007.29,7,0.99,3.02,0.01,1,90,0.145,81.68264784168500,19.0
P18,Cadbury Dairy Milk,S11,Synthetic Supplier ,Kolkata,2025-05-06,833,54.11,45073.63,6,0.91,3.16,0.04,4,9,0.011,81.36459900474480,20.0
P19,Lays potato chips,S11,UrbanKart Distributors,Delhi NCR,2025-02-02,509,10.34,5263.06,2,0.92,4.99,0.03,0,30,0.059,95.89537090614510,1.0
P19,Lays potato chips,S11,Synthetic Supplier ,Bengaluru,2025-05-04,869,18.96,16476.24,4,0.99,4.38,0.01,9,39,0.045,94.44023145469270,2.0
P19,Lays potato chips,S6,"Murphy, Aguilar and Zimmerman",Kolkata,2025-06-16,584,10.63,6207.92,4,0.93,3.83,0.01,7,51,0.087,91.95824904524940,3.0
P19,Lays potato chips,S7,Flores-Cook,Bengaluru,2024-07-25,187,12.83,2399.21,8,0.95,3.63,0.03,1,17,0.091,91.02904872121280,4.0
P19,Lays potato chips,S11,Synthetic Supplier ,Mumbai,2025-06-29,611,21.31,13020.41,6,0.98,4.11,0.02,7,90,0.147,89.67631292674460,5.0
P19,Lays potato chips,S11,UrbanKart Distributors,Kolkata,2025-04-24,945,26.61,25146.45,6,0.9,3.92,0.04,4,19,0.02,89.48960305520190,6.0
P19,Lays potato chips,S6,"Murphy, Aguilar and Zimmerman",Delhi NCR,2024-08-21,778,18.5,14393.0,1,0.95,3.14,0.02,1,54,0.069,89.00670061335490,7.0
P19,Lays potato chips,S3,"Bell, Gardner and Brown",Delhi NCR,2025-01-08,337,42.05,14170.85,8,1.0,4.21,0.01,10,16,0.047,88.77594259923620,8.0
P19,Lays potato chips,S8,Thompson Group,Bengaluru,2024-10-21,636,47.93,30483.48,2,0.98,4.63,0.02,6,39,0.061,87.6549890059021,9.0
P19,Lays potato chips,S11,Synthetic Supplier ,Kolkata,2025-05-13,925,52.7,48747.5,9,0.98,3.56,0.0,6,35,0.038,84.2309501215137,10.0
P19,Lays potato chips,S4,Thornton Ltd,Delhi NCR,2024-12-23,910,28.58,26007.8,1,0.85,3.27,0.05,7,73,0.08,83.93363731049650,11.0
P19,Lays potato chips,S11,BrightPath Wholesale,Kolkata,2025-01-06,989,58.62,57975.18,7,0.99,4.09,0.03,6,66,0.067,83.53073834046980,12.0
P19,Lays potato chips,S11,UrbanKart Distributors,Bengaluru,2025-04-24,894,68.98,61668.12,3,0.99,4.73,0.01,9,65,0.073,83.0728677236431,13.0
P19,Lays potato chips,S11,Synthetic Supplier ,Hyderabad,2025-03-15,485,40.06,19429.1,6,0.99,3.69,0.04,2,89,0.184,83.01653743779650,14.0
P19,Lays potato chips,S5,Bass Group,Hyderabad,2024-07-08,881,56.83,50067.23,3,0.97,4.04,0.04,7,66,0.075,82.95504224048140,15.0
P19,Lays potato chips,S2,Nelson-Ramirez,Mumbai,2025-03-14,430,41.58,17879.4,4,0.87,3.29,0.04,1,17,0.04,82.78472630482580,16.0
P19,Lays potato chips,S11,UrbanKart Distributors,Delhi NCR,2025-01-31,345,19.17,6613.65,3,0.89,3.52,0.05,4,88,0.255,82.61162596921650,17.0
P19,Lays potato chips,S11,Synthetic Supplier ,Hyderabad,2025-03-27,455,46.37,21098.35,2,0.94,4.12,0.01,6,83,0.182,81.95605832658260,18.0
P19,Lays potato chips,S11,BrightPath Wholesale,Hyderabad,2025-06-07,257,55.98,14386.86,7,0.96,4.43,0.05,2,41,0.16,81.42177872931370,19.0
P19,Lays potato chips,S11,UrbanKart Distributors,Mumbai,2025-01-27,187,40.09,7496.83,1,0.85,3.62,0.04,6,29,0.155,80.16959379701420,20.0
P2,Manforce Condom,S7,Flores-Cook,Delhi NCR,2024-12-24,256,16.71,4277.76,3,1.0,4.54,0.01,10,13,0.051,95.5110045133665,1.0
P2,Manforce Condom,S11,Synthetic Supplier ,Kolkata,2025-06-13,839,21.08,17686.12,5,0.9,4.87,0.02,9,6,0.007,94.20954750607570,2.0
P2,Manforce Condom,S5,Bass Group,Chennai,2024-08-23,698,13.67,9541.66,8,0.94,4.36,0.0,8,67,0.096,92.92462677930800,3.0
P2,Manforce Condom,S11,UrbanKart Distributors,Delhi NCR,2025-05-06,942,22.51,21204.42,2,0.9,4.31,0.04,5,23,0.024,91.4885672954519,4.0
P2,Manforce Condom,S7,Flores-Cook,Kolkata,2025-05-21,749,39.29,29428.21,7,0.96,4.3,0.04,4,5,0.007,89.58475755120930,5.0
P2,Manforce Condom,S11,Synthetic Supplier ,Chennai,2025-01-16,164,42.36,6947.04,8,0.95,4.88,0.01,7,20,0.122,87.21419164448560,6.0
P2,Manforce Condom,S11,UrbanKart Distributors,Delhi NCR,2025-01-11,919,23.65,21734.35,7,0.9,3.16,0.02,3,51,0.055,87.04470894572390,7.0
P2,Manforce Condom,S11,BrightPath Wholesale,Bengaluru,2025-03-12,827,44.27,36611.29,2,0.97,4.62,0.05,4,79,0.096,86.87211318134470,8.0
P2,Manforce Condom,S11,BrightPath Wholesale,Chennai,2025-02-12,408,31.25,12750.0,9,0.92,4.15,0.02,6,72,0.176,85.12565328087030,9.0
P2,Manforce Condom,S11,UrbanKart Distributors,Chennai,2025-01-13,904,50.69,45823.76,6,0.91,4.58,0.01,0,95,0.105,83.89617405392900,10.0
P2,Manforce Condom,S4,Thornton Ltd,Chennai,2025-05-30,182,56.09,10208.38,3,0.88,4.29,0.01,1,2,0.011,83.8463187131119,11.0
P2,Manforce Condom,S10,"Terry, Smith and Weber",Kolkata,2025-03-15,349,65.81,22967.69,3,0.93,4.79,0.04,9,13,0.037,83.26657909964120,12.0
P2,Manforce Condom,S1,Martin-Mcdowell,Bengaluru,2025-01-28,967,51.58,49877.86,7,0.99,3.31,0.03,6,87,0.09,82.13017937738690,13.0
P2,Manforce Condom,S2,Nelson-Ramirez,Delhi NCR,2025-04-16,473,61.92,29288.16,1,0.92,3.39,0.04,5,13,0.027,80.016937854415,14.0
P2,Manforce Condom,S3,"Bell, Gardner and Brown",Kolkata,2025-02-03,488,70.49,34399.12,1,0.96,3.48,0.04,6,16,0.033,79.1233711375998,15.0
P2,Manforce Condom,S3,"Bell, Gardner and Brown",Bengaluru,2024-07-23,614,65.64,40302.96,10,0.91,3.93,0.04,5,55,0.09,78.6359263974077,16.0
P2,Manforce Condom,S9,Bond-Adkins,Delhi NCR,2024-11-14,824,56.7,46720.8,8,0.86,3.33,0.04,7,67,0.081,77.92513135053820,17.0
P2,Manforce Condom,S11,BrightPath Wholesale,Kolkata,2025-02-06,695,64.27,44667.65,4,0.88,3.66,0.03,9,55,0.079,77.82301932646690,18.0
P2,Manforce Condom,S11,BrightPath Wholesale,Bengaluru,2025-02-10,242,52.33,12663.86,5,0.97,4.68,0.02,4,99,0.409,76.09658835782900,19.0
P2,Manforce Condom,S11,Synthetic Supplier ,Bengaluru,2025-03-06,135,52.2,7047.0,7,0.91,3.69,0.05,5,64,0.474,69.40667746788570,20.0
P20,Kissan Tomato Ketchup,S7,Flores-Cook,Kolkata,2024-11-03,566,12.28,6950.48,7,0.99,4.67,0.03,10,36,0.064,96.08634880222200,1.0
P20,Kissan Tomato Ketchup,S11,Synthetic Supplier ,Kolkata,2025-06-09,701,12.98,9098.98,5,0.98,4.11,0.04,4,23,0.033,94.82433051730120,2.0
P20,Kissan Tomato Ketchup,S7,Flores-Cook,Ahmedabad,2024-08-15,896,19.28,17274.88,3,0.99,4.01,0.04,4,13,0.015,93.8561659530147,3.0
P20,Kissan Tomato Ketchup,S5,Bass Group,Bengaluru,2024-09-06,383,13.02,4986.66,3,0.94,4.52,0.04,2,34,0.089,93.36507232959150,4.0
P20,Kissan Tomato Ketchup,S11,Synthetic Supplier ,Chennai,2025-06-11,676,27.12,18333.12,7,0.96,4.65,0.05,7,8,0.012,93.20156116190260,5.0
P20,Kissan Tomato Ketchup,S11,Synthetic Supplier ,Hyderabad,2025-03-22,931,18.19,16934.89,8,0.99,3.43,0.01,3,0,0.0,93.11845156810560,6.0
P20,Kissan Tomato Ketchup,S5,Bass Group,Delhi NCR,2025-03-27,844,26.34,22230.96,9,0.99,4.17,0.02,4,58,0.069,91.28209582224280,7.0
P20,Kissan Tomato Ketchup,S3,"Bell, Gardner and Brown",Delhi NCR,2025-04-19,472,17.45,8236.4,6,0.94,3.49,0.02,4,24,0.051,90.58972804073600,8.0
P20,Kissan Tomato Ketchup,S11,Synthetic Supplier ,Delhi NCR,2025-03-08,612,32.16,19681.92,5,0.88,4.48,0.0,6,48,0.078,88.04502951047330,9.0
P20,Kissan Tomato Ketchup,S4,Thornton Ltd,Ahmedabad,2024-08-07,864,25.2,21772.8,3,0.89,3.35,0.0,1,35,0.041,87.62595417197080,10.0
P20,Kissan Tomato Ketchup,S11,Synthetic Supplier ,Delhi NCR,2025-02-12,334,30.45,10170.3,8,0.9,4.05,0.01,6,30,0.09,87.1908170350654,11.0
P20,Kissan Tomato Ketchup,S3,"Bell, Gardner and Brown",Chennai,2024-08-09,344,43.48,14957.12,3,0.97,3.68,0.05,7,7,0.02,86.51496238861240,12.0
P20,Kissan Tomato Ketchup,S11,NextGen Distributors,Ahmedabad,2025-05-07,514,44.2,22718.8,9,0.94,3.88,0.04,6,13,0.025,86.14831500983680,13.0
P20,Kissan Tomato Ketchup,S11,Synthetic Supplier ,Bengaluru,2025-06-06,981,31.61,31009.41,6,0.96,3.11,0.03,7,79,0.081,85.67232959148250,14.0
P20,Kissan Tomato Ketchup,S11,NextGen Distributors,Kolkata,2025-05-11,789,55.42,43726.38,6,0.96,4.02,0.02,6,9,0.011,85.09139335725030,15.0
P20,Kissan Tomato Ketchup,S11,BrightPath Wholesale,Bengaluru,2025-06-20,941,53.7,50531.7,1,0.89,4.0,0.0,8,17,0.018,83.6694954287698,16.0
P20,Kissan Tomato Ketchup,S11,Synthetic Supplier ,Hyderabad,2025-03-25,310,51.52,15971.2,8,0.98,3.82,0.02,4,27,0.087,83.61406665895150,17.0
P20,Kissan Tomato Ketchup,S11,BrightPath Wholesale,Ahmedabad,2025-01-01,551,46.65,25704.15,4,0.91,3.37,0.01,7,20,0.036,83.27125101261430,18.0
P20,Kissan Tomato Ketchup,S11,Synthetic Supplier ,Chennai,2025-05-27,476,61.68,29359.68,1,0.99,3.41,0.01,8,28,0.059,81.22248698067350,19.0
P20,Kissan Tomato Ketchup,S11,Synthetic Supplier ,Ahmedabad,2025-03-17,292,47.51,13872.92,8,0.95,4.01,0.02,6,58,0.199,81.00219997685450,20.0
P3,Maggie,S8,Thompson Group,Chennai,2025-06-17,490,10.5,5145.0,10,0.97,4.41,0.04,7,33,0.067,95.02833815530610,1.0
P3,Maggie,S8,NextGen Distributors,Hyderabad,2024-10-12,200,20.78,4156.0,2,0.98,4.19,0.03,7,5,0.025,93.59898391389890,2.0
P3,Maggie,S11,NextGen Distributors,Mumbai,2025-02-23,631,12.2,7698.2,7,0.89,4.79,0.04,1,53,0.084,93.26486517764150,3.0
P3,Maggie,S11,Everest Wholesale,Ahmedabad,2025-03-23,969,17.95,17393.55,5,0.93,3.74,0.0,4,69,0.071,90.57400069436410,4.0
P3,Maggie,S11,NextGen Distributors,Hyderabad,2025-03-29,810,20.9,16929.0,3,0.99,3.03,0.02,8,27,0.033,90.20120935076960,5.0
P3,Maggie,S11,TruValue Commerce,Delhi NCR,2025-01-21,998,32.2,32135.6,6,0.94,4.41,0.05,2,69,0.069,89.09577132276360,6.0
P3,Maggie,S11,TruValue Commerce,Hyderabad,2025-03-18,892,42.25,37687.0,9,0.88,4.94,0.01,3,25,0.028,88.4896516606874,7.0
P3,Maggie,S9,Bond-Adkins,Chennai,2024-10-01,961,21.52,20680.72,2,0.87,3.28,0.03,7,15,0.016,88.21770744126840,8.0
P3,Maggie,S7,Flores-Cook,Mumbai,2025-05-11,729,34.66,25267.14,10,0.93,4.3,0.04,8,49,0.067,88.1063927786136,9.0
P3,Maggie,S11,Synthetic Supplier ,Mumbai,2025-05-17,663,32.77,21726.51,2,0.97,4.23,0.0,7,87,0.131,87.81384214789960,10.0
P3,Maggie,S4,Thornton Ltd,Mumbai,2025-05-09,763,36.39,27765.57,6,0.9,4.35,0.04,0,53,0.069,87.04597616016670,11.0
P3,Maggie,S8,Thompson Group,Delhi NCR,2025-06-04,773,40.7,31461.1,10,0.87,4.85,0.04,9,66,0.085,86.31840643444050,12.0
P3,Maggie,S11,Everest Wholesale,Delhi NCR,2025-02-04,969,28.59,27703.71,5,0.86,4.12,0.04,0,96,0.099,86.26132276356900,13.0
P3,Maggie,S11,TruValue Commerce,Ahmedabad,2025-06-29,765,50.09,38318.85,9,0.95,4.71,0.01,6,82,0.107,85.3650468695753,14.0
P3,Maggie,S11,Synthetic Supplier ,Delhi NCR,2025-04-27,696,38.54,26823.84,1,0.89,3.96,0.03,8,51,0.073,85.10834857076730,15.0
P3,Maggie,S11,TruValue Commerce,Chennai,2025-05-07,733,35.58,26080.14,1,0.9,3.22,0.03,0,51,0.07,83.9134544612892,16.0
P3,Maggie,S11,Synthetic Supplier ,Mumbai,2025-04-09,742,69.98,51925.16,1,0.99,4.61,0.03,9,18,0.024,83.7514130308992,17.0
P3,Maggie,S5,Bass Group,Ahmedabad,2024-12-13,872,77.56,67632.32,1,0.97,4.98,0.02,3,25,0.029,82.55698645990050,18.0
P3,Maggie,S11,Synthetic Supplier ,Chennai,2025-05-27,290,43.26,12545.4,7,0.9,3.97,0.05,6,44,0.152,81.72588242101610,19.0
P3,Maggie,S11,TruValue Commerce,Chennai,2025-02-06,295,49.36,14561.2,2,0.94,3.84,0.02,1,46,0.156,81.10400879527830,20.0
P4,Dabur Red,S9,Bond-Adkins,Delhi NCR,2024-11-17,490,20.08,9839.2,10,0.91,4.94,0.04,5,36,0.073,92.72100219881960,1.0
P4,Dabur Red,S4,Thornton Ltd,Kolkata,2024-08-11,259,10.46,2709.14,5,0.87,4.1,0.03,4,19,0.073,91.52759634301590,2.0
P4,Dabur Red,S11,Synthetic Supplier ,Hyderabad,2025-04-30,560,22.22,12443.2,2,0.93,4.39,0.04,2,36,0.064,91.34568915634760,3.0
P4,Dabur Red,S11,Everest Wholesale,Chennai,2025-06-05,924,40.07,37024.68,3,0.94,4.82,0.04,5,7,0.008,90.43422289086910,4.0
P4,Dabur Red,S11,Synthetic Supplier ,Mumbai,2025-06-05,634,36.21,22957.14,9,0.87,4.74,0.01,4,3,0.005,89.72763800486050,5.0
P4,Dabur Red,S11,Everest Wholesale,Kolkata,2025-01-07,937,24.18,22656.66,1,0.93,3.65,0.01,2,37,0.039,89.72203795856960,6.0
P4,Dabur Red,S10,"Terry, Smith and Weber",Mumbai,2025-02-13,831,25.78,21423.18,2,0.99,3.84,0.02,8,82,0.099,89.52171045017940,7.0
P4,Dabur Red,S11,Synthetic Supplier ,Hyderabad,2025-01-12,365,25.54,9322.1,6,0.95,4.43,0.02,6,48,0.132,89.3572595764379,8.0
P4,Dabur Red,S11,TruValue Commerce,Ahmedabad,2025-02-15,996,23.72,23625.12,9,0.99,3.26,0.02,9,64,0.064,89.3085071172318,9.0
P4,Dabur Red,S5,Bass Group,Ahmedabad,2024-07-01,859,43.71,37546.89,5,0.99,4.46,0.03,3,28,0.033,89.11172780928130,10.0
P4,Dabur Red,S4,Thornton Ltd,Delhi NCR,2024-07-24,889,34.49,30661.61,9,0.94,3.72,0.0,8,4,0.004,88.94574007638010,11.0
P4,Dabur Red,S11,Synthetic Supplier ,Kolkata,2025-03-15,946,18.11,17132.06,5,0.86,3.22,0.04,2,23,0.024,88.23696794352500,12.0
P4,Dabur Red,S11,Synthetic Supplier ,Chennai,2025-06-25,746,47.18,35196.28,6,0.99,4.06,0.01,0,12,0.016,87.81858002546000,13.0
P4,Dabur Red,S11,TruValue Commerce,Hyderabad,2025-01-14,267,35.87,9577.29,4,0.92,4.38,0.01,8,21,0.079,87.75633260039350,14.0
P4,Dabur Red,S7,Flores-Cook,Hyderabad,2025-01-05,973,48.17,46869.41,9,0.96,4.87,0.05,3,55,0.057,87.63943987964360,15.0
P4,Dabur Red,S4,Thornton Ltd,Ahmedabad,2024-12-19,189,24.04,4543.56,10,0.87,3.12,0.04,6,1,0.005,87.38444161555380,16.0
P4,Dabur Red,S8,Thompson Group,Delhi NCR,2024-10-30,384,37.42,14369.28,8,0.86,4.37,0.02,10,23,0.06,86.33757782664040,17.0
P4,Dabur Red,S11,Synthetic Supplier ,Kolkata,2025-06-12,892,64.02,57105.84,4,0.97,4.94,0.05,0,8,0.009,85.87088299965280,18.0
P4,Dabur Red,S10,"Terry, Smith and Weber",Chennai,2025-05-15,898,35.27,31672.46,9,0.85,4.29,0.01,6,79,0.088,85.60520541603980,19.0
P4,Dabur Red,S11,Synthetic Supplier ,Kolkata,2025-02-11,728,31.84,23179.52,4,0.92,3.42,0.03,1,59,0.081,85.54909501215140,20.0
P5,Bournvita,S11,Everest Wholesale,Kolkata,2025-01-03,469,26.13,12254.97,1,0.98,4.61,0.0,9,14,0.03,93.77070130771900,1.0
P5,Bournvita,S11,TruValue Commerce,Mumbai,2025-04-06,306,12.53,3834.18,4,0.94,4.43,0.05,1,25,0.082,93.31848512903600,2.0
P5,Bournvita,S11,Synthetic Supplier ,Bengaluru,2025-04-30,663,23.38,15500.94,9,1.0,4.75,0.04,2,88,0.133,91.83720171276470,3.0
P5,Bournvita,S11,TruValue Commerce,Kolkata,2025-01-11,951,19.83,18858.33,4,0.98,3.92,0.05,6,69,0.073,91.36886587200560,4.0
P5,Bournvita,S11,Synthetic Supplier ,Kolkata,2025-01-02,641,11.25,7211.25,1,0.86,3.57,0.0,6,21,0.033,91.00474713574820,5.0
P5,Bournvita,S8,Thompson Group,Ahmedabad,2025-06-07,638,30.63,19541.94,2,0.96,4.44,0.03,1,60,0.094,89.49915519037150,6.0
P5,Bournvita,S11,Synthetic Supplier ,Ahmedabad,2025-01-02,972,41.49,40328.28,5,0.95,4.64,0.05,7,23,0.024,89.23555722717280,7.0
P5,Bournvita,S3,"Bell, Gardner and Brown",Kolkata,2025-01-19,930,34.96,32512.8,10,0.88,3.93,0.02,4,10,0.011,87.5569563707904,8.0
P5,Bournvita,S2,Nelson-Ramirez,Bengaluru,2024-11-05,548,51.32,28123.36,8,1.0,3.99,0.02,1,1,0.002,87.22035759750030,9.0
P5,Bournvita,S3,"Bell, Gardner and Brown",Chennai,2024-09-23,336,45.87,15412.32,7,0.94,4.27,0.0,2,13,0.039,86.91178567295450,10.0
P5,Bournvita,S7,Flores-Cook,Mumbai,2024-12-16,402,35.98,14463.96,6,0.94,3.31,0.02,6,11,0.027,86.48087258419160,11.0
P5,Bournvita,S11,Everest Wholesale,Bengaluru,2025-02-18,495,42.22,20898.9,6,0.92,4.89,0.03,0,60,0.121,86.35659530146970,12.0
P5,Bournvita,S11,Synthetic Supplier ,Ahmedabad,2025-02-27,121,59.85,7241.85,6,0.99,4.97,0.04,5,10,0.083,85.30604906839490,13.0
P5,Bournvita,S11,Everest Wholesale,Hyderabad,2025-01-21,600,51.88,31128.0,1,0.91,3.82,0.04,4,7,0.012,83.83074296956370,14.0
P5,Bournvita,S11,Synthetic Supplier ,Mumbai,2025-06-02,917,64.26,58926.42,7,0.92,4.95,0.01,0,52,0.057,83.55533387339430,15.0
P5,Bournvita,S11,Synthetic Supplier ,Chennai,2025-01-15,718,57.39,41206.02,8,0.99,4.02,0.03,4,59,0.082,83.15542761254480,16.0
P5,Bournvita,S11,Everest Wholesale,Chennai,2025-01-29,268,33.27,8916.36,6,0.88,3.35,0.03,2,37,0.138,82.29811480152760,17.0
P5,Bournvita,S11,Synthetic Supplier ,Hyderabad,2025-01-30,420,55.36,23251.2,1,0.92,4.97,0.02,6,90,0.214,80.86528063881500,18.0
P5,Bournvita,S1,Martin-Mcdowell,Ahmedabad,2025-02-13,205,66.65,13663.25,1,0.95,3.91,0.03,9,9,0.044,80.82215715773640,19.0
P5,Bournvita,S2,Nelson-Ramirez,Hyderabad,2025-02-24,568,57.67,32756.56,6,0.89,3.19,0.04,1,0,0.0,80.46062029857650,20.0
P6,Sensodyne,S2,Nelson-Ramirez,Bengaluru,2024-09-04,944,15.7,14820.8,8,1.0,3.64,0.04,4,43,0.046,92.89477375303780,1.0
P6,Sensodyne,S8,Thompson Group,Hyderabad,2025-01-05,597,23.04,13754.88,8,0.92,4.97,0.01,3,55,0.092,92.10589630829760,2.0
P6,Sensodyne,S11,TruValue Commerce,Chennai,2025-06-26,858,29.08,24950.64,3,0.93,4.58,0.02,8,24,0.028,91.60790996412450,3.0
P6,Sensodyne,S11,Everest Wholesale,Delhi NCR,2025-03-19,488,12.35,6026.8,7,0.91,4.49,0.04,6,81,0.166,90.37014697372990,4.0
P6,Sensodyne,S11,Synthetic Supplier ,Hyderabad,2025-06-27,846,20.22,17106.12,3,0.94,4.06,0.01,8,95,0.112,89.92859854183540,5.0
P6,Sensodyne,S11,Synthetic Supplier ,Delhi NCR,2025-06-23,671,33.76,22652.96,7,0.91,4.37,0.04,9,33,0.049,88.5647020020831,6.0
P6,Sensodyne,S11,Everest Wholesale,Delhi NCR,2025-06-12,533,29.62,15787.46,8,0.94,4.81,0.0,4,92,0.173,88.2729244300428,7.0
P6,Sensodyne,S11,TruValue Commerce,Mumbai,2025-03-27,828,24.65,20410.2,5,0.87,4.45,0.05,2,84,0.101,88.25325425298000,8.0
P6,Sensodyne,S7,Flores-Cook,Mumbai,2025-04-22,724,35.54,25730.96,7,0.9,4.29,0.03,9,30,0.041,88.00271264899900,9.0
P6,Sensodyne,S11,TruValue Commerce,Delhi NCR,2025-05-31,292,36.22,10576.24,2,0.96,4.71,0.02,4,47,0.161,87.1053234579331,10.0
P6,Sensodyne,S1,Martin-Mcdowell,Bengaluru,2024-09-09,230,27.62,6352.6,10,0.86,3.2,0.0,8,0,0.0,87.09583381553060,11.0
P6,Sensodyne,S7,Everest Wholesale,Delhi NCR,2025-05-16,552,26.79,14788.08,6,0.89,3.35,0.04,9,19,0.034,87.06794121050810,12.0
P6,Sensodyne,S9,Bond-Adkins,Kolkata,2024-12-23,321,30.12,9668.52,8,0.99,3.02,0.05,4,18,0.056,87.04719708367090,13.0
P6,Sensodyne,S11,Synthetic Supplier ,Hyderabad,2025-02-01,720,23.01,16567.2,7,0.9,3.55,0.03,9,71,0.099,86.94283994908000,14.0
P6,Sensodyne,S4,Thornton Ltd,Chennai,2025-06-14,846,33.29,28163.34,4,0.95,3.62,0.03,2,59,0.07,86.89348570767270,15.0
P6,Sensodyne,S11,Everest Wholesale,Chennai,2025-03-11,897,36.06,32345.82,7,0.9,4.55,0.04,8,95,0.106,86.61235620877210,16.0
P6,Sensodyne,S7,Flores-Cook,Bengaluru,2025-06-14,776,40.79,31653.04,1,0.97,3.22,0.04,2,1,0.001,86.42757551209350,17.0
P6,Sensodyne,S11,TruValue Commerce,Kolkata,2025-06-11,868,38.12,33088.16,4,0.94,3.18,0.04,5,7,0.008,85.9655595417197,18.0
P6,Sensodyne,S11,Synthetic Supplier ,Mumbai,2025-05-15,664,29.57,19634.48,6,0.92,3.02,0.02,4,47,0.071,85.27449716468000,19.0
P6,Sensodyne,S11,TruValue Commerce,Chennai,2025-01-30,120,49.2,5904.0,1,0.97,3.2,0.03,7,5,0.042,83.29104154611740,20.0
P7,Parle-G,S7,Flores-Cook,Bengaluru,2025-03-29,146,15.85,2314.1,4,0.99,4.93,0.04,4,1,0.007,97.65005554912630,1.0
P7,Parle-G,S4,Thornton Ltd,Ahmedabad,2024-08-26,584,14.65,8555.6,3,0.93,4.08,0.03,10,5,0.009,93.91780118041890,2.0
P7,Parle-G,S2,Nelson-Ramirez,Kolkata,2025-04-15,332,13.88,4608.16,6,0.98,4.06,0.05,2,19,0.057,93.64602129383170,3.0
P7,Parle-G,S2,Nelson-Ramirez,Delhi NCR,2024-08-03,322,18.13,5837.86,1,0.98,3.64,0.01,9,3,0.009,93.24233884967020,4.0
P7,Parle-G,S7,Flores-Cook,Mumbai,2024-07-01,199,20.79,4137.21,7,0.9,4.89,0.02,5,13,0.065,92.59666936697140,5.0
P7,Parle-G,S11,Synthetic Supplier ,Ahmedabad,2025-04-14,958,15.71,15050.18,3,0.87,4.95,0.0,1,92,0.096,92.4724592061104,6.0
P7,Parle-G,S9,Bond-Adkins,Ahmedabad,2025-05-04,685,15.5,10617.5,7,0.89,4.61,0.04,3,52,0.076,92.20106469158660,7.0
P7,Parle-G,S11,Synthetic Supplier ,Kolkata,2025-04-22,915,15.92,14566.8,8,0.98,3.82,0.03,7,86,0.094,91.54385372063420,8.0
P7,Parle-G,S11,Synthetic Supplier ,Hyderabad,2025-06-06,517,13.0,6721.0,9,0.92,3.06,0.0,0,10,0.019,90.98970142344640,9.0
P7,Parle-G,S11,TruValue Commerce,Mumbai,2025-04-16,975,15.9,15502.5,5,0.85,3.67,0.01,9,10,0.01,90.56848281448910,10.0
P7,Parle-G,S1,Martin-Mcdowell,Ahmedabad,2025-06-03,555,30.9,17149.5,4,0.98,3.77,0.03,5,6,0.011,90.41666242333060,11.0
P7,Parle-G,S11,Synthetic Supplier ,Delhi NCR,2025-05-02,179,11.74,2101.46,9,1.0,3.48,0.02,5,32,0.179,89.54133433630370,12.0
P7,Parle-G,S11,TruValue Commerce,Bengaluru,2025-02-05,855,48.78,41706.9,5,0.96,4.99,0.01,7,31,0.036,88.88825251706980,13.0
P7,Parle-G,S11,Synthetic Supplier ,Hyderabad,2025-03-05,198,27.98,5540.04,1,0.9,3.72,0.03,5,3,0.015,88.8225101261428,14.0
P7,Parle-G,S1,Martin-Mcdowell,Hyderabad,2025-04-29,505,17.96,9069.8,8,0.88,3.09,0.02,2,16,0.032,88.34168614743660,15.0
P7,Parle-G,S11,Synthetic Supplier ,Bengaluru,2025-02-14,843,30.43,25652.49,6,0.91,3.97,0.01,7,61,0.072,87.74544612892030,16.0
P7,Parle-G,S11,Everest Wholesale,Kolkata,2025-03-02,933,32.21,30051.93,6,0.86,3.7,0.03,6,14,0.015,86.78345677583610,17.0
P7,Parle-G,S11,Synthetic Supplier ,Delhi NCR,2025-02-26,496,34.62,17171.52,7,0.92,4.78,0.04,3,77,0.155,86.66565096632340,18.0
P7,Parle-G,S11,Synthetic Supplier ,Delhi NCR,2025-04-25,835,28.68,23947.8,8,0.94,3.57,0.02,5,87,0.104,86.64049184122210,19.0
P7,Parle-G,S11,Everest Wholesale,Mumbai,2025-01-11,626,44.65,27950.9,5,0.93,4.76,0.03,5,57,0.091,86.55416039810210,20.0
P8,Garden Successful,S11,Synthetic Supplier ,Mumbai,2025-01-13,645,28.08,18111.6,3,0.96,4.49,0.01,6,7,0.011,92.92936465686840,1.0
P8,Garden Successful,S6,"Murphy, Aguilar and Zimmerman",Bengaluru,2024-10-26,431,21.47,9253.57,1,0.91,4.59,0.01,2,16,0.037,92.72928017590560,2.0
P8,Garden Successful,S7,TruValue Commerce,Mumbai,2024-09-18,249,36.5,9088.5,5,0.99,4.53,0.01,3,5,0.02,91.58051614396480,3.0
P8,Garden Successful,S11,Synthetic Supplier ,Kolkata,2025-06-12,581,38.99,22653.19,6,0.93,4.32,0.01,0,16,0.028,88.63419395903250,4.0
P8,Garden Successful,S11,Everest Wholesale,Bengaluru,2025-03-22,257,18.31,4705.67,6,0.9,4.71,0.03,9,52,0.202,88.42067700497630,5.0
P8,Garden Successful,S11,Synthetic Supplier ,Hyderabad,2025-03-22,280,30.62,8573.6,2,0.92,3.52,0.05,0,2,0.007,88.15146973729890,6.0
P8,Garden Successful,S11,TruValue Commerce,Bengaluru,2025-02-20,933,38.37,35799.21,6,0.97,4.15,0.04,6,60,0.064,87.88769586853370,7.0
P8,Garden Successful,S10,"Terry, Smith and Weber",Hyderabad,2024-10-17,897,33.35,29914.95,3,0.91,4.18,0.01,1,65,0.072,87.69959842610810,8.0
P8,Garden Successful,S4,Thornton Ltd,Bengaluru,2025-03-22,651,44.98,29281.98,5,0.89,4.66,0.02,9,54,0.083,85.5177803494966,9.0
P8,Garden Successful,S8,Thompson Group,Kolkata,2024-07-19,447,50.58,22609.26,8,0.87,4.97,0.04,6,26,0.058,85.20163407013080,10.0
P8,Garden Successful,S11,TruValue Commerce,Mumbai,2025-04-01,120,53.8,6456.0,4,0.98,4.31,0.03,7,8,0.067,85.05634995949540,11.0
P8,Garden Successful,S11,Synthetic Supplier ,Chennai,2025-02-14,741,53.08,39332.28,8,0.9,4.81,0.02,5,45,0.061,85.00299733827100,12.0
P8,Garden Successful,S11,TruValue Commerce,Chennai,2025-05-01,606,44.78,27136.68,6,0.9,4.49,0.02,7,61,0.101,84.76407128804540,13.0
P8,Garden Successful,S11,Synthetic Supplier ,Bengaluru,2025-04-02,678,51.18,34700.04,7,0.85,3.53,0.01,2,16,0.024,81.56276125448440,14.0
P8,Garden Successful,S11,TruValue Commerce,Mumbai,2025-03-18,175,57.56,10073.0,8,0.94,4.38,0.04,6,22,0.126,81.52608031477840,15.0
P8,Garden Successful,S3,"Bell, Gardner and Brown",Kolkata,2024-10-17,919,94.64,86974.16,3,0.99,4.83,0.02,6,3,0.003,79.43374030783470,16.0
P8,Garden Successful,S11,TruValue Commerce,Chennai,2025-02-14,277,69.98,19384.46,6,0.94,3.35,0.01,5,2,0.007,79.4314130308992,17.0
P8,Garden Successful,S11,TruValue Commerce,Kolkata,2025-01-03,935,64.3,60120.5,6,0.92,3.14,0.02,8,10,0.011,79.39607568568450,18.0
P8,Garden Successful,S4,Thornton Ltd,Chennai,2025-04-22,489,72.83,35613.87,8,0.93,3.62,0.04,7,19,0.039,78.07176715657910,19.0
P8,Garden Successful,S11,TruValue Commerce,Hyderabad,2025-02-27,379,50.51,19143.29,9,0.98,3.12,0.01,4,85,0.224,77.73783589862290,20.0
P9,Tide Detergent,S3,"Bell, Gardner and Brown",Kolkata,2024-08-01,173,15.07,2607.11,1,0.98,4.63,0.05,2,9,0.052,95.2305902094665,1.0
P9,Tide Detergent,S11,Synthetic Supplier ,Bengaluru,2025-05-12,526,20.26,10656.76,7,0.96,4.37,0.03,7,11,0.021,93.87934035412570,2.0
P9,Tide Detergent,S11,TruValue Commerce,Delhi NCR,2025-05-31,975,18.47,18008.25,3,0.9,4.63,0.01,7,19,0.019,93.83364425413730,3.0
P9,Tide Detergent,S11,Synthetic Supplier ,Bengaluru,2025-06-27,802,22.65,18165.3,8,0.98,3.93,0.03,8,9,0.011,92.80616363846780,4.0
P9,Tide Detergent,S11,Synthetic Supplier ,Chennai,2025-02-02,987,28.7,28326.9,3,0.97,4.68,0.03,9,44,0.045,92.3858627473672,5.0
P9,Tide Detergent,S11,TruValue Commerce,Ahmedabad,2025-01-01,811,19.97,16195.67,1,0.97,3.98,0.01,5,41,0.051,92.32646221502140,6.0
P9,Tide Detergent,S11,Synthetic Supplier ,Bengaluru,2025-01-27,833,16.94,14111.02,5,0.94,4.41,0.03,8,77,0.092,92.1377699340354,7.0
P9,Tide Detergent,S5,Bass Group,Bengaluru,2024-12-24,284,11.18,3175.12,5,0.95,3.36,0.05,4,10,0.035,92.08094896424030,8.0
P9,Tide Detergent,S11,Synthetic Supplier ,Kolkata,2025-01-20,781,13.04,10184.24,4,0.96,3.89,0.05,1,64,0.082,92.08044323573660,9.0
P9,Tide Detergent,S1,Martin-Mcdowell,Chennai,2024-11-22,965,17.22,16617.3,5,0.93,3.82,0.05,3,49,0.051,91.08296262006710,10.0
P9,Tide Detergent,S9,Bond-Adkins,Ahmedabad,2024-07-04,785,33.21,26069.85,6,0.95,4.63,0.03,3,33,0.042,90.78200208309220,11.0
P9,Tide Detergent,S11,Synthetic Supplier ,Kolkata,2025-05-19,999,17.19,17172.81,7,0.9,3.03,0.0,7,26,0.026,89.21990626084940,12.0
P9,Tide Detergent,S11,Synthetic Supplier ,Ahmedabad,2025-04-04,806,28.14,22680.84,4,0.9,4.41,0.03,6,64,0.079,88.93547737530380,13.0
P9,Tide Detergent,S4,Thornton Ltd,Mumbai,2024-09-26,880,37.99,33431.2,3,0.9,4.46,0.03,8,13,0.015,88.72564865177640,14.0
P9,Tide Detergent,S5,Bass Group,Mumbai,2025-02-15,923,19.16,17684.68,8,0.87,3.49,0.01,4,86,0.093,87.28394051614400,15.0
P9,Tide Detergent,S11,TruValue Commerce,Ahmedabad,2025-02-07,239,36.74,8780.86,6,0.92,4.28,0.04,4,22,0.092,86.56496701770630,16.0
P9,Tide Detergent,S11,TruValue Commerce,Delhi NCR,2025-01-23,225,33.69,7580.25,3,1.0,3.83,0.04,2,33,0.147,86.27090383057520,17.0
P9,Tide Detergent,S11,Synthetic Supplier ,Delhi NCR,2025-01-18,421,27.65,11640.65,2,0.95,3.12,0.0,7,40,0.095,86.24889017474830,18.0
P9,Tide Detergent,S11,TruValue Commerce,Chennai,2025-03-20,710,40.82,28982.2,9,0.87,4.36,0.03,3,36,0.051,85.9406318713112,19.0
P9,Tide Detergent,S2,Nelson-Ramirez,Delhi NCR,2024-09-02,435,30.8,13398.0,2,0.95,3.04,0.01,0,31,0.071,85.89980789260500,20.0